Pappalysin-2,PAPPA2,Q9BXP8,n.d.,Homo sapiens,Insulin-like growth factor-binding protein 5,IGFBP5,P24593,Homo sapiens,TQSKFV,163,164,S,K,http://cutdb.burnham.org/relation/show/4070,11264294,-;-,-,26-06-2012
Glutamyl aminopeptidase,ENPEP,Q07075,3.4.11.7,Homo sapiens,Cholecystokinin,CCK,P06307,Homo sapiens,DRDYMG,96,97,D,Y,http://cutdb.burnham.org/relation/show/4062,8804068,-;-,-,26-06-2012
Coagulation factor XI,F11,P03951,3.4.21.27,Homo sapiens,Hepatocyte growth factor,HGF,P14210,Homo sapiens,QLRVVN,494,495,R,V,http://cutdb.burnham.org/relation/show/4061,12372819; 1328193,-;-,-,26-06-2012
Threonine aspartase 1,TASP1,Q9H6P5,n.d.,Homo sapiens,Histone-lysine N-methyltransferase MLL,MLL,Q03164,Homo sapiens,SQLDGV,2717,2718,L,D,http://cutdb.burnham.org/relation/show/4057,14636557,-;-,-,26-06-2012
Threonine aspartase 1,TASP1,Q9H6P5,n.d.,Homo sapiens,Histone-lysine N-methyltransferase MLL,MLL,Q03164,Homo sapiens,SQLDGV,2717,2718,L,D,http://cutdb.burnham.org/relation/show/4056,12482972,-;-,-,26-06-2012
Threonine aspartase 1,TASP1,Q9H6P5,n.d.,Homo sapiens,Histone-lysine N-methyltransferase MLL,MLL,Q03164,Homo sapiens,GQVDGA,2665,2666,V,D,http://cutdb.burnham.org/relation/show/4055,14636557,-;-,-,26-06-2012
Proprotein convertase subtilisin/kexin type 9,PCSK9,Q8NBP7,n.d.,Homo sapiens,Proprotein convertase subtilisin/kexin type 9,PCSK9,Q8NBP7,Homo sapiens,VVLKEE,82,83,L,K,http://cutdb.burnham.org/relation/show/4051,12552133,-;-,-,26-06-2012
Matrix metalloproteinase-25,MMP25,Q9NPA2,n.d.,Homo sapiens,72 kDa type IV collagenase,MMP2,P08253,Homo sapiens,SCNLFV,66,67,N,L,http://cutdb.burnham.org/relation/show/4052,14583471,-;-,-,26-06-2012
Matrix metalloproteinase-25,MMP25,Q9NPA2,n.d.,Homo sapiens,72 kDa type IV collagenase,MMP2,P08253,Homo sapiens,VANYNF,109,110,N,Y,http://cutdb.burnham.org/relation/show/4053,14583471,-;-,-,26-06-2012
Threonine aspartase 1,TASP1,Q9H6P5,n.d.,Homo sapiens,Histone-lysine N-methyltransferase MLL,MLL,Q03164,Homo sapiens,GQVDGA,2665,2666,V,D,http://cutdb.burnham.org/relation/show/4054,12482972,-;-,-,26-06-2012
Tolloid-like protein 1,TLL1,O43897,n.d.,Homo sapiens,Chordin,CHRD,Q9H2X0,Homo sapiens,QADGPR,867,868,D,G,http://cutdb.burnham.org/relation/show/4050,10479448,-;-,-,26-06-2012
Tolloid-like protein 1,TLL1,O43897,n.d.,Homo sapiens,Chordin,CHRD,Q9H2X0,Homo sapiens,YSDRGE,154,155,D,R,http://cutdb.burnham.org/relation/show/4049,10479448,-;-,-,26-06-2012
Sentrin-specific protease 2,SENP2,Q9HC62,n.d.,Homo sapiens,Small ubiquitin-related modifier 2,SUMO2,P61956,Homo sapiens,TGGVY-,93,94,G,V,http://cutdb.burnham.org/relation/show/4048,11489887,-;-,-,26-06-2012
Transmembrane protease serine 6,TMPRSS6,Q8IU80,n.d.,Homo sapiens,Hepatocyte growth factor,HGF,P14210,Homo sapiens,QLRVVN,494,495,R,V,http://cutdb.burnham.org/relation/show/4046,10962009,-;-,-,26-06-2012
Beta-secretase 2,BACE2,Q9Y5Z0,3.4.23.45,Homo sapiens,Amyloid beta A4 protein,APP,P05067,Homo sapiens,LVFFAE,690,691,F,F,http://cutdb.burnham.org/relation/show/4043,10931940,-;-,-,26-06-2012
Beta-secretase 2,BACE2,Q9Y5Z0,3.4.23.45,Homo sapiens,Amyloid beta A4 protein,APP,P05067,Homo sapiens,VFFAED,691,692,F,A,http://cutdb.burnham.org/relation/show/4044,10931940,-;-,-,26-06-2012
Beta-secretase 2,BACE2,Q9Y5Z0,3.4.23.45,Homo sapiens,Beta-secretase 2,BACE2,Q9Y5Z0,Homo sapiens,LALALE,62,63,L,A,http://cutdb.burnham.org/relation/show/4045,11316808,-;-,-,26-06-2012
Matrix metalloproteinase-26,MMP26,Q9NRE1,n.d.,Homo sapiens,Matrix metalloproteinase-9,MMP9,P14780,Homo sapiens,LKAMRT,93,94,A,M,http://cutdb.burnham.org/relation/show/4042,12586837,-;-,-,26-06-2012
Atrial natriuretic peptide-converting enzyme,CORIN,Q9Y5Q5,n.d.,Homo sapiens,Natriuretic peptides A,NPPA,P01160,Homo sapiens,APRSLR,123,124,R,S,http://cutdb.burnham.org/relation/show/4037,10880574,-;-,-,26-06-2012
Atrial natriuretic peptide-converting enzyme,CORIN,Q9Y5Q5,n.d.,Homo sapiens,Natriuretic peptides A,NPPA,P01160,Homo sapiens,APRSLR,123,124,R,S,http://cutdb.burnham.org/relation/show/4038,11884416,-;-,-,26-06-2012
Matrix metalloproteinase-26,MMP26,Q9NRE1,n.d.,Homo sapiens,Insulin-like growth factor-binding protein 1,IGFBP1,P08833,Homo sapiens,ALHVTN,165,166,H,V,http://cutdb.burnham.org/relation/show/4039,12119297,-;-,-,26-06-2012
A disintegrin and metalloproteinase with thrombospondin motifs 1,ADAMTS1,Q9UHI8,n.d.,Homo sapiens,Aggrecan core protein,ACAN,P16112,Homo sapiens,PENFFG,360,361,N,F,http://cutdb.burnham.org/relation/show/4035,12054629,-;-,-,26-06-2012
A disintegrin and metalloproteinase with thrombospondin motifs 1,ADAMTS1,Q9UHI8,n.d.,Homo sapiens,Aggrecan core protein,ACAN,P16112,Homo sapiens,EEEGLG,1733,1734,E,G,http://cutdb.burnham.org/relation/show/4034,12054629,-;-,-,26-06-2012
A disintegrin and metalloproteinase with thrombospondin motifs 1,ADAMTS1,Q9UHI8,n.d.,Homo sapiens,Versican core protein,VCAN,P13611,Homo sapiens,AAEARR,1428,1429,E,A,http://cutdb.burnham.org/relation/show/4033,12907688; 11278559,-;-,-,26-06-2012
Neuroendocrine convertase 2,PCSK2,P16519,3.4.21.94,Homo sapiens,Gastrin,GAST,P01350,Homo sapiens,SKKQGP,75,76,K,Q,http://cutdb.burnham.org/relation/show/18672,7657815,-;-,-,26-06-2012
A disintegrin and metalloproteinase with thrombospondin motifs 5,ADAMTS5,Q9UNA0,n.d.,Homo sapiens,Aggrecan core protein,ACAN,P16112,Homo sapiens,TVQTVT,373,374,Q,T,http://cutdb.burnham.org/relation/show/4031,11854269,-;-,-,26-06-2012
Matrix metalloproteinase-24,MMP24,Q9Y5R2,n.d.,Homo sapiens,Metastasis-suppressor KiSS-1,KISS1,Q15726,Homo sapiens,SFGLRF,118,119,G,L,http://cutdb.burnham.org/relation/show/4030,12879005,-;-,-,26-06-2012
Collagenase 3,MMP13,P45452,n.d.,Homo sapiens,Aggrecan core protein,ACAN,P16112,Homo sapiens,SEDLVV,460,461,D,L,http://cutdb.burnham.org/relation/show/18238,9688535; 1559485,-;-,-,26-06-2012
A disintegrin and metalloproteinase with thrombospondin motifs 4,ADAMTS4,O75173,3.4.24.82,Homo sapiens,A disintegrin and metalloproteinase with thrombospondin motifs 4,ADAMTS4,O75173,Homo sapiens,ALTFRE,581,582,T,F,http://cutdb.burnham.org/relation/show/4023,12202483,-;-,-,26-06-2012
A disintegrin and metalloproteinase with thrombospondin motifs 4,ADAMTS4,O75173,3.4.24.82,Homo sapiens,A disintegrin and metalloproteinase with thrombospondin motifs 4,ADAMTS4,O75173,Homo sapiens,FRKFRY,694,695,K,F,http://cutdb.burnham.org/relation/show/4022,12202483,-;-,-,26-06-2012
Kallikrein-4,KLK4,Q9Y5K2,n.d.,Homo sapiens,Prostate-specific antigen,KLK3,P07288,Homo sapiens,LSRIVG,24,25,R,I,http://cutdb.burnham.org/relation/show/4021,11327827,-;-,-,26-06-2012
n.d.,null,n.d.,n.d.,Homo sapiens,Presenilin-1,PSEN1,P49768,Homo sapiens,NDDGGF,333,334,D,G,http://cutdb.burnham.org/relation/show/4020,14576165,null,-,26-06-2012
Disintegrin and metalloproteinase domain-containing protein 17,ADAM17,P78536,3.4.24.86,Homo sapiens,Neurogenic locus notch homolog protein 1,NOTCH1,P46531,Homo sapiens,GCGVLL,1753,1754,G,V,http://cutdb.burnham.org/relation/show/4019,9620803; 10882063,-;-,Cleavage site curated based on Uniprot protein sequence,26-06-2012
Disintegrin and metalloproteinase domain-containing protein 17,ADAM17,P78536,3.4.24.86,Homo sapiens,Tumor necrosis factor,TNF,P01375,Homo sapiens,AQAVRS,76,77,A,V,http://cutdb.burnham.org/relation/show/4017,12135369; 9034190,-;-,-,26-06-2012
n.d.,null,n.d.,n.d.,Homo sapiens,Presenilin-2,PSEN2,P49810,Homo sapiens,SYDSFG,329,330,D,S,http://cutdb.burnham.org/relation/show/4016,9990034; 9219695; 10069390,null,-,26-06-2012
Membrane-bound transcription factor site-1 protease,MBTPS1,Q14703,3.4.21.112,Homo sapiens,Sterol regulatory element-binding protein 2,SREBF2,Q12772,Homo sapiens,SVLSFE,522,523,L,S,http://cutdb.burnham.org/relation/show/4015,9990022,-;-,-,26-06-2012
Membrane-bound transcription factor site-1 protease,MBTPS1,Q14703,3.4.21.112,Homo sapiens,Membrane-bound transcription factor site-1 protease,MBTPS1,Q14703,Homo sapiens,RLLRAI,186,187,L,R,http://cutdb.burnham.org/relation/show/4014,10644685,-;-,-,26-06-2012
Membrane-bound transcription factor site-1 protease,MBTPS1,Q14703,3.4.21.112,Homo sapiens,Membrane-bound transcription factor site-1 protease,MBTPS1,Q14703,Homo sapiens,SLKYAE,137,138,K,Y,http://cutdb.burnham.org/relation/show/4013,10644685,-;-,-,26-06-2012
Membrane-bound transcription factor site-1 protease,MBTPS1,Q14703,3.4.21.112,Homo sapiens,Brain-derived neurotrophic factor,BDNF,P23560,Homo sapiens,GLTSLA,57,58,T,S,http://cutdb.burnham.org/relation/show/4012,9990022; 11152678,-;-,-,26-06-2012
Disintegrin and metalloproteinase domain-containing protein 9,ADAM9,Q13443,n.d.,Homo sapiens,Tumor necrosis factor,TNF,P01375,Homo sapiens,PLAQAV,74,75,A,Q,http://cutdb.burnham.org/relation/show/4009,12135759,-;-,-,26-06-2012
Disintegrin and metalloproteinase domain-containing protein 9,ADAM9,Q13443,n.d.,Homo sapiens,Tumor necrosis factor,TNF,P01375,Homo sapiens,VRSSSR,79,80,S,S,http://cutdb.burnham.org/relation/show/4010,12135759,-;-,-,26-06-2012
null,n.d.,n.d,n.d.,Homo sapiens,Ubiquitin carboxyl-terminal hydrolase 21,USP21,Q9UK80,Homo sapiens,TSGPRP,75,76,G,P,http://cutdb.burnham.org/relation/show/4011,9353319,-;-,-,26-06-2012
Caspase-5,CASP5,P51878,3.4.22.58,Homo sapiens,Protein max,MAX,P61244,Homo sapiens,EVESDE,10,11,E,S,http://cutdb.burnham.org/relation/show/4008,11535131,-;-,-,26-06-2012
Caspase-4,CASP4,P49662,3.4.22.57,Homo sapiens,Caspase-3,CASP3,P42574,Homo sapiens,ETDSGV,175,176,D,S,http://cutdb.burnham.org/relation/show/4007,9233763,-;-,-,26-06-2012
Caspase-4,CASP4,P49662,3.4.22.57,Homo sapiens,Caspase-3,CASP3,P42574,Homo sapiens,SVDSKS,9,10,D,S,http://cutdb.burnham.org/relation/show/4006,9233763,-;-,-,26-06-2012
Caspase-4,CASP4,P49662,3.4.22.57,Homo sapiens,Interleukin-1 beta,IL1B,P01584,Homo sapiens,VHDAPV,116,117,D,A,http://cutdb.burnham.org/relation/show/4005,7797510,-;-,-,26-06-2012
Caspase-4,CASP4,P49662,3.4.22.57,Homo sapiens,Interleukin-1 beta,IL1B,P01584,Homo sapiens,EADGPK,27,28,D,G,http://cutdb.burnham.org/relation/show/4004,7797510,-;-,-,26-06-2012
Legumain,LGMN,Q99538,3.4.22.34,Homo sapiens,Legumain,LGMN,Q99538,Homo sapiens,NTNDLE,323,324,N,D,http://cutdb.burnham.org/relation/show/4003,12860980; 11085925,-;-,-,26-06-2012
Legumain,LGMN,Q99538,3.4.22.34,Homo sapiens,Legumain,LGMN,Q99538,Homo sapiens,PIDDPE,21,22,D,D,http://cutdb.burnham.org/relation/show/4000,12860980,-;-,-,26-06-2012
Legumain,LGMN,Q99538,3.4.22.34,Homo sapiens,Legumain,LGMN,Q99538,Homo sapiens,PEDGGK,25,26,D,G,http://cutdb.burnham.org/relation/show/4001,12860980,-;-,-,26-06-2012
Dipeptidyl peptidase 1,CTSC,P53634,3.4.14.1,Homo sapiens,Cathepsin G,CTSG,P08311,Homo sapiens,-GEIIG,20,21,E,I,http://cutdb.burnham.org/relation/show/17989,8428921,-;-,Unmatched cleavage site; Cleavage site discarded,26-06-2012
Caspase-9,CASP9,P55211,3.4.22.62,Homo sapiens,Gelsolin,GSN,P06396,Homo sapiens,QTDGLG,403,404,D,G,http://cutdb.burnham.org/relation/show/3997,9671712; 9323209,-;-,-,26-06-2012
Matrix metalloproteinase-16,MMP16,P51512,n.d.,Homo sapiens,Metastasis-suppressor KiSS-1,KISS1,Q15726,Homo sapiens,SFGLRF,118,119,G,L,http://cutdb.burnham.org/relation/show/3998,12879005,-;-,-,26-06-2012
Matrix metalloproteinase-17,MMP17,Q9ULZ9,n.d.,Homo sapiens,Tumor necrosis factor,TNF,P01375,Homo sapiens,AQAVRS,76,77,A,V,http://cutdb.burnham.org/relation/show/3999,10799478,-;-,-,26-06-2012
Caspase-9,CASP9,P55211,3.4.22.62,Homo sapiens,Caspase-9,CASP9,P55211,Homo sapiens,EPDATP,315,316,D,A,http://cutdb.burnham.org/relation/show/3994,9337844; 9651578,-;-,-,26-06-2012
Caspase-9,CASP9,P55211,3.4.22.62,Homo sapiens,Netrin receptor DCC,DCC,P43146,Homo sapiens,SVDRGF,1290,1291,D,R,http://cutdb.burnham.org/relation/show/3995,11248093,-;-,-,26-06-2012
Furin,FURIN,P09958,3.4.21.75,Homo sapiens,Endothelin-1,EDN1,P05305,Homo sapiens,SKRALE,92,93,R,A,http://cutdb.burnham.org/relation/show/17990,12135739,-;-,-,26-06-2012
Caspase-9,CASP9,P55211,3.4.22.62,Homo sapiens,Vimentin,VIM,P08670,Homo sapiens,DVDVSK,259,260,D,V,http://cutdb.burnham.org/relation/show/3991,11514563,-;-,-,26-06-2012
Transmembrane protease serine 2,TMPRSS2,O15393,n.d.,Homo sapiens,Transmembrane protease serine 2,TMPRSS2,O15393,Homo sapiens,QSRIVG,255,256,R,I,http://cutdb.burnham.org/relation/show/3989,11245484,-;-,-,26-06-2012
Plasminogen,PLG,P00747,3.4.21.7,Homo sapiens,Aggrecan core protein,ACAN,P16112,Homo sapiens,EARGSV,394,395,R,G,http://cutdb.burnham.org/relation/show/18239,9688535,-;-,-,26-06-2012
Caspase-8,CASP8,Q14790,3.4.22.61,Homo sapiens,Choline-phosphate cytidylyltransferase A,PCYT1A,P49585,Homo sapiens,EEDGVP,28,29,D,G,http://cutdb.burnham.org/relation/show/3987,12052891,-;-,-,26-06-2012
Caspase-8,CASP8,Q14790,3.4.22.61,Homo sapiens,Microtubule-associated protein tau,MAPT,P10636,Homo sapiens,MVDSPQ,738,739,D,S,http://cutdb.burnham.org/relation/show/3986,12888622,-;-,-,26-06-2012
Caspase-8,CASP8,Q14790,3.4.22.61,Homo sapiens,General vesicular transport factor p115,USO1,O60763,Homo sapiens,EKDSMI,757,758,D,S,http://cutdb.burnham.org/relation/show/3985,09124,-;-,-,26-06-2012
Caspase-8,CASP8,Q14790,3.4.22.61,Homo sapiens,Caspase-8,CASP8,Q14790,Homo sapiens,EMDLSS,384,385,D,L,http://cutdb.burnham.org/relation/show/3980,8962078,-;-,Cleavage site curated based on Uniprot protein sequence,26-06-2012
Caspase-8,CASP8,Q14790,3.4.22.61,Homo sapiens,B-cell receptor-associated protein 31,BCAP31,P51572,Homo sapiens,AVDGGK,164,165,D,G,http://cutdb.burnham.org/relation/show/3981,12668660,-;-,-,26-06-2012
Caspase-8,CASP8,Q14790,3.4.22.61,Homo sapiens,B-cell receptor-associated protein 31,BCAP31,P51572,Homo sapiens,AVDGPM,238,239,D,G,http://cutdb.burnham.org/relation/show/3982,12668660,-;-,-,26-06-2012
Caspase-8,CASP8,Q14790,3.4.22.61,Homo sapiens,Eukaryotic translation initiation factor 2 subunit 1,EIF2S1,P05198,Homo sapiens,EVDGDD,301,302,D,G,http://cutdb.burnham.org/relation/show/3983,10734073; 10432301,-;-,-,26-06-2012
Caspase-8,CASP8,Q14790,3.4.22.61,Homo sapiens,Caspase-8,CASP8,Q14790,Homo sapiens,ISDSPR,210,211,D,S,http://cutdb.burnham.org/relation/show/3977,8962078,-;-,Cleavage site curated based on Uniprot protein sequence,26-06-2012
Caspase-8,CASP8,Q14790,3.4.22.61,Homo sapiens,Caspase-8,CASP8,Q14790,Homo sapiens,EQDSES,216,217,D,S,http://cutdb.burnham.org/relation/show/3978,8962078,-;-,Cleavage site curated based on Uniprot protein sequence,26-06-2012
Caspase-8,CASP8,Q14790,3.4.22.61,Homo sapiens,Caspase-8,CASP8,Q14790,Homo sapiens,ETDSEE,374,375,D,S,http://cutdb.burnham.org/relation/show/3979,8962078,-;-,Cleavage site curated based on Uniprot protein sequence,26-06-2012
Caspase-8,CASP8,Q14790,3.4.22.61,Homo sapiens,Vimentin,VIM,P08670,Homo sapiens,DVDVSK,259,260,D,V,http://cutdb.burnham.org/relation/show/3973,10469173,-;-,-,26-06-2012
Caspase-8,CASP8,Q14790,3.4.22.61,Homo sapiens,Presenilin-1,PSEN1,P49768,Homo sapiens,NDDGGF,333,334,D,G,http://cutdb.burnham.org/relation/show/3974,10069390,-;-,-,26-06-2012
Caspase-8,CASP8,Q14790,3.4.22.61,Homo sapiens,Presenilin-2,PSEN2,P49810,Homo sapiens,EEDSYD,326,327,D,S,http://cutdb.burnham.org/relation/show/3975,10069390; 9219695; 9990034,-;-,-,26-06-2012
Caspase-8,CASP8,Q14790,3.4.22.61,Homo sapiens,Plectin,PLEC,Q15149,Homo sapiens,DKDNTQ,2397,2398,D,N,http://cutdb.burnham.org/relation/show/3976,10891503,-;-,-,26-06-2012
Caspase-8,CASP8,Q14790,3.4.22.61,Homo sapiens,Interferon-induced double-stranded RNA-activated protein kinase,EIF2AK2,P19525,Homo sapiens,LPDMKE,251,252,D,M,http://cutdb.burnham.org/relation/show/3970,11555640,-;-,-,26-06-2012
Caspase-8,CASP8,Q14790,3.4.22.61,Homo sapiens,TNF receptor-associated factor 1,TRAF1,Q13077,Homo sapiens,EVDCYR,163,164,D,C,http://cutdb.burnham.org/relation/show/3966,11181075,-;-,-,26-06-2012
Caspase-8,CASP8,Q14790,3.4.22.61,Homo sapiens,CASP8 and FADD-like apoptosis regulator,CFLAR,O15519,Homo sapiens,EVDGPA,376,377,D,G,http://cutdb.burnham.org/relation/show/3965,12097160; 9217161,-;-,-,26-06-2012
Caspase-8,CASP8,Q14790,3.4.22.61,Homo sapiens,Caspase-3,CASP3,P42574,Homo sapiens,ETDSGV,175,176,D,S,http://cutdb.burnham.org/relation/show/3962,11437602,-;-,-,26-06-2012
Caspase-8,CASP8,Q14790,3.4.22.61,Homo sapiens,BH3-interacting domain death agonist,BID,P55957,Homo sapiens,QTDGNR,60,61,D,G,http://cutdb.burnham.org/relation/show/3961,9727492; 12097160; 12196516; 11583622,-;-,-,26-06-2012
Caspase-8,CASP8,Q14790,3.4.22.61,Homo sapiens,Receptor-interacting serine/threonine-protein kinase 1,RIPK1,Q13546,Homo sapiens,QLDCVA,324,325,D,C,http://cutdb.burnham.org/relation/show/3958,10521396,-;-,-,26-06-2012
Caspase-8,CASP8,Q14790,3.4.22.61,Homo sapiens,Receptor-interacting serine/threonine-protein kinase 1,RIPK1,Q13546,Homo sapiens,QLDCVA,324,325,D,C,http://cutdb.burnham.org/relation/show/3957,12215447,-;-,-,26-06-2012
Caspase-10,CASP10,Q92851,3.4.22.63,Homo sapiens,Caspase-3,CASP3,P42574,Homo sapiens,SVDSKS,9,10,D,S,http://cutdb.burnham.org/relation/show/3956,8755496,-;-,-,26-06-2012
Caspase-10,CASP10,Q92851,3.4.22.63,Homo sapiens,Caspase-10,CASP10,Q92851,Homo sapiens,QTDVKT,219,220,D,V,http://cutdb.burnham.org/relation/show/3955,8755496,-;-,-,26-06-2012
Caspase-10,CASP10,Q92851,3.4.22.63,Homo sapiens,Eukaryotic translation initiation factor 2 subunit 1,EIF2S1,P05198,Homo sapiens,EVDGDD,301,302,D,G,http://cutdb.burnham.org/relation/show/3954,10432301; 10734073,-;-,-,26-06-2012
Caspase-7,CASP7,P55210,3.4.22.60,Homo sapiens,Myocyte-specific enhancer factor 2A,MEF2A,Q02078,Homo sapiens,TTDLTV,213,214,D,L,http://cutdb.burnham.org/relation/show/3948,11904443,-;-,-,26-06-2012
Caspase-3,CASP3,P42574,3.4.22.56,Homo sapiens,Spectrin beta chain brain 1,SPTBN1,Q01082,Homo sapiens,TVDTSE,2146,2147,D,T,http://cutdb.burnham.org/relation/show/19874,9712874,-;-,-,26-06-2012
Caspase-7,CASP7,P55210,3.4.22.60,Homo sapiens,Vimentin-type intermediate filament-associated coiled-coil protein,VMAC,Q2NL98,Homo sapiens,SVDFSL,85,86,D,F,http://cutdb.burnham.org/relation/show/3951,11514563;10469173;11423904,-;-,Unmatched cleavage site; Cleavage site discarded,26-06-2012
Furin,FURIN,P09958,3.4.21.75,Homo sapiens,Endothelin-1,EDN1,P05305,Homo sapiens,SKRCSC,52,53,R,C,http://cutdb.burnham.org/relation/show/17988,12135739; 7729512,-;-,-,26-06-2012
Caspase-7,CASP7,P55210,3.4.22.60,Homo sapiens,Ras GTPase-activating protein 1,RASA1,P20936,Homo sapiens,VDGKEI,456,457,G,K,http://cutdb.burnham.org/relation/show/3945,10200531,-;-,-,26-06-2012
Caspase-7,CASP7,P55210,3.4.22.60,Homo sapiens,Microtubule-associated protein tau,MAPT,P10636,Homo sapiens,MVDSPQ,738,739,D,S,http://cutdb.burnham.org/relation/show/3946,12888622,-;-,-,26-06-2012
Caspase-7,CASP7,P55210,3.4.22.60,Homo sapiens,Myocyte-specific enhancer factor 2A,MEF2A,Q02078,Homo sapiens,SYDGSD,466,467,D,G,http://cutdb.burnham.org/relation/show/3947,11904443,-;-,Cleavage site curated based on Uniprot protein sequence,26-06-2012
Caspase-7,CASP7,P55210,3.4.22.60,Homo sapiens,Protein max,MAX,P61244,Homo sapiens,AFDGGS,135,136,D,G,http://cutdb.burnham.org/relation/show/3943,11535131,-;-,-,26-06-2012
Caspase-7,CASP7,P55210,3.4.22.60,Homo sapiens,Ras GTPase-activating protein 1,RASA1,P20936,Homo sapiens,GDSLDG,158,159,S,L,http://cutdb.burnham.org/relation/show/3944,10200531,-;-,-,26-06-2012
Caspase-7,CASP7,P55210,3.4.22.60,Homo sapiens,Gelsolin,GSN,P06396,Homo sapiens,QTDGLG,403,404,D,G,http://cutdb.burnham.org/relation/show/3940,9323209,-;-,-,26-06-2012
Caspase-7,CASP7,P55210,3.4.22.60,Homo sapiens,Gelsolin,GSN,P06396,Homo sapiens,QTDGLG,403,404,D,G,http://cutdb.burnham.org/relation/show/3941,9671712,-;-,-,26-06-2012
Caspase-7,CASP7,P55210,3.4.22.60,Homo sapiens,Golgin subfamily A member 3,GOLGA3,Q08378,Homo sapiens,EVDGND,311,312,D,G,http://cutdb.burnham.org/relation/show/3942,10791974,-;-,-,26-06-2012
Caspase-7,CASP7,P55210,3.4.22.60,Homo sapiens,E3 ubiquitin-protein ligase NEDD4,NEDD4,P46934,Homo sapiens,QPDAAC,598,599,D,A,http://cutdb.burnham.org/relation/show/3939,9593687,-;-,Cleavage site curated based on Uniprot protein sequence,26-06-2012
Caspase-7,CASP7,P55210,3.4.22.60,Homo sapiens,Presenilin-2,PSEN2,P49810,Homo sapiens,SYDSFG,329,330,D,S,http://cutdb.burnham.org/relation/show/3938,10069390; 9219695; 9990034,-;-,-,26-06-2012
Caspase-7,CASP7,P55210,3.4.22.60,Homo sapiens,Myocyte-specific enhancer factor 2D,MEF2D,Q14814,Homo sapiens,TEDHLD,288,289,D,H,http://cutdb.burnham.org/relation/show/3937,11904443,-;-,-,26-06-2012
Caspase-7,CASP7,P55210,3.4.22.60,Homo sapiens,Serum response factor,SRF,P11831,Homo sapiens,ETDLTY,245,246,D,L,http://cutdb.burnham.org/relation/show/3936,11387340,-;-,-,26-06-2012
Caspase-7,CASP7,P55210,3.4.22.60,Homo sapiens,Keratin type I cytoskeletal 18,KRT18,P05783,Homo sapiens,EVDAPK,238,239,D,A,http://cutdb.burnham.org/relation/show/3933,9298992,-;-,-,26-06-2012
Caspase-7,CASP7,P55210,3.4.22.60,Homo sapiens,Proteasome activator complex subunit 3,PSME3,P61289,Homo sapiens,GLDGPT,80,81,D,G,http://cutdb.burnham.org/relation/show/3934,11859414,-;-,-,26-06-2012
Caspase-7,CASP7,P55210,3.4.22.60,Homo sapiens,Presenilin-1,PSEN1,P49768,Homo sapiens,QRDSHL,345,346,D,S,http://cutdb.burnham.org/relation/show/3935,10069390,-;-,-,26-06-2012
Caspase-7,CASP7,P55210,3.4.22.60,Homo sapiens,Growth arrest-specific protein 2,GAS2,O43903,Homo sapiens,RVDGKT,278,279,D,G,http://cutdb.burnham.org/relation/show/3932,1056466,-;-,-,26-06-2012
Caspase-7,CASP7,P55210,3.4.22.60,Homo sapiens,Myocyte-specific enhancer factor 2A,MEF2A,Q02078,Homo sapiens,LTDSSM,176,177,D,S,http://cutdb.burnham.org/relation/show/3928,11904443,-;-,-,26-06-2012
Caspase-7,CASP7,P55210,3.4.22.60,Homo sapiens,PC4 and SFRS1-interacting protein,PSIP1,O75475,Homo sapiens,AQDGNQ,486,487,D,G,http://cutdb.burnham.org/relation/show/3927,12181742,-;-,-,26-06-2012
Caspase-7,CASP7,P55210,3.4.22.60,Homo sapiens,PC4 and SFRS1-interacting protein,PSIP1,O75475,Homo sapiens,EIDNNP,85,86,D,N,http://cutdb.burnham.org/relation/show/3926,12181742,-;-,-,26-06-2012
Caspase-7,CASP7,P55210,3.4.22.60,Homo sapiens,PC4 and SFRS1-interacting protein,PSIP1,O75475,Homo sapiens,VPDGAV,30,31,D,G,http://cutdb.burnham.org/relation/show/3925,12181742,-;-,-,26-06-2012
Caspase-7,CASP7,P55210,3.4.22.60,Homo sapiens,Cell division control protein 42 homolog,CDC42,P60953,Homo sapiens,LRDDPS,121,122,D,D,http://cutdb.burnham.org/relation/show/3924,11278572,-;-,-,26-06-2012
Caspase-7,CASP7,P55210,3.4.22.60,Homo sapiens,Interferon-induced double-stranded RNA-activated protein kinase,EIF2AK2,P19525,Homo sapiens,LPDMKE,251,252,D,M,http://cutdb.burnham.org/relation/show/3923,11555640,-;-,-,26-06-2012
Caspase-7,CASP7,P55210,3.4.22.60,Homo sapiens,Tumor necrosis factor receptor superfamily member 1A,TNFRSF1A,P19438,Homo sapiens,ELEGTT,260,261,E,G,http://cutdb.burnham.org/relation/show/3922,11755217,-;-,-,26-06-2012
Trypsin-2,PRSS2,P07478,3.4.21.4,Homo sapiens,Matrix metalloproteinase-9,MMP9,P14780,Homo sapiens,LGRFQT,106,107,R,F,http://cutdb.burnham.org/relation/show/3921,9261109,-;-,-,26-06-2012
Caspase-6,CASP6,P55212,3.4.22.59,Homo sapiens,Prelamin-A/C,LMNA,P02545,Homo sapiens,EIDNGK,230,231,D,N,http://cutdb.burnham.org/relation/show/3919,11953316; 8978814,-;-,-,26-06-2012
Caspase-6,CASP6,P55212,3.4.22.59,Homo sapiens,Microtubule-associated protein tau,MAPT,P10636,Homo sapiens,MVDSPQ,738,739,D,S,http://cutdb.burnham.org/relation/show/3920,12888622,-;-,-,26-06-2012
Caspase-6,CASP6,P55212,3.4.22.59,Homo sapiens,E3 ubiquitin-protein ligase NEDD4,NEDD4,P46934,Homo sapiens,QPDAAC,598,599,D,A,http://cutdb.burnham.org/relation/show/3915,9593687,-;-,Cleavage site curated based on Uniprot protein sequence,26-06-2012
Caspase-6,CASP6,P55212,3.4.22.59,Homo sapiens,Eukaryotic translation initiation factor 2 subunit 1,EIF2S1,P05198,Homo sapiens,EVDGDD,301,302,D,G,http://cutdb.burnham.org/relation/show/3916,10734073; 10432301,-;-,-,26-06-2012
Furin,FURIN,P09958,3.4.21.75,Homo sapiens,Endothelin-1,EDN1,P05305,Homo sapiens,ENRCQC,108,109,R,C,http://cutdb.burnham.org/relation/show/17993,12135739,-;-,-,26-06-2012
Cathepsin B,CTSB,P07858,3.4.22.1,Homo sapiens,Renin,REN,P00797,Homo sapiens,MKRLTL,66,67,R,L,http://cutdb.burnham.org/relation/show/17994,9928950,-;-,-,26-06-2012
Caspase-6,CASP6,P55212,3.4.22.59,Homo sapiens,Presenilin-2,PSEN2,P49810,Homo sapiens,SYDSFG,329,330,D,S,http://cutdb.burnham.org/relation/show/3914,9990034; 9219695; 10069390,-;-,-,26-06-2012
Caspase-6,CASP6,P55212,3.4.22.59,Homo sapiens,Presenilin-1,PSEN1,P49768,Homo sapiens,NDDGGF,333,334,D,G,http://cutdb.burnham.org/relation/show/3913,10069390,-;-,-,26-06-2012
Caspase-6,CASP6,P55212,3.4.22.59,Homo sapiens,TNF receptor-associated factor 1,TRAF1,Q13077,Homo sapiens,EVDCYR,163,164,D,C,http://cutdb.burnham.org/relation/show/3912,11098060,-;-,-,26-06-2012
Caspase-6,CASP6,P55212,3.4.22.59,Homo sapiens,DNA topoisomerase 1,TOP1,P11387,Homo sapiens,EDDGYF,123,124,D,G,http://cutdb.burnham.org/relation/show/3910,9933635,-;-,-,26-06-2012
Caspase-6,CASP6,P55212,3.4.22.59,Homo sapiens,DNA topoisomerase 1,TOP1,P11387,Homo sapiens,EEDGKL,170,171,D,G,http://cutdb.burnham.org/relation/show/3911,9933635,-;-,-,26-06-2012
Caspase-6,CASP6,P55212,3.4.22.59,Homo sapiens,Amyloid beta A4 protein,APP,P05067,Homo sapiens,KMDAEF,672,673,D,A,http://cutdb.burnham.org/relation/show/3909,10438520,-;-,-,26-06-2012
Caspase-6,CASP6,P55212,3.4.22.59,Homo sapiens,Huntingtin,HTT,P42858,Homo sapiens,VLDGTD,584,585,D,G,http://cutdb.burnham.org/relation/show/3908,10770929; 16777606,-;-,Cleavage site curated based on Uniprot protein sequence,26-06-2012
Caspase-6,CASP6,P55212,3.4.22.59,Homo sapiens,DNA-binding protein SATB1,SATB1,Q01826,Homo sapiens,EMDSLS,254,255,D,S,http://cutdb.burnham.org/relation/show/3905,11463840,-;-,-,26-06-2012
Caspase-6,CASP6,P55212,3.4.22.59,Homo sapiens,Transcription factor AP-2-alpha,TFAP2A,P05549,Homo sapiens,RHDGTS,19,20,D,G,http://cutdb.burnham.org/relation/show/3906,11438643,-;-,-,26-06-2012
Caspase-6,CASP6,P55212,3.4.22.59,Homo sapiens,Vimentin,VIM,P08670,Homo sapiens,DVDVSK,259,260,D,V,http://cutdb.burnham.org/relation/show/3907,11423904,-;-,-,26-06-2012
Caspase-6,CASP6,P55212,3.4.22.59,Homo sapiens,Choline-phosphate cytidylyltransferase A,PCYT1A,P49585,Homo sapiens,EEDGVP,28,29,D,G,http://cutdb.burnham.org/relation/show/3904,12052891,-;-,-,26-06-2012
Caspase-6,CASP6,P55212,3.4.22.59,Homo sapiens,Keratin type I cytoskeletal 18,KRT18,P05783,Homo sapiens,EVDAPK,238,239,D,A,http://cutdb.burnham.org/relation/show/3903,9298992,-;-,-,26-06-2012
Chymotrypsin-C,CTRC,Q99895,3.4.21.2,Homo sapiens,Phosphorylase b kinase gamma catalytic chain skeletal muscle isoform,PHKG1,Q16816,Homo sapiens,EVRHFS,297,298,R,H,http://cutdb.burnham.org/relation/show/3900,2365696,-;-,-,26-06-2012
Chymotrypsin-C,CTRC,Q99895,3.4.21.2,Homo sapiens,Phosphorylase b kinase gamma catalytic chain skeletal muscle isoform,PHKG1,Q16816,Homo sapiens,RHFSPR,299,300,F,S,http://cutdb.burnham.org/relation/show/3901,2365696,-;-,-,26-06-2012
Caspase-6,CASP6,P55212,3.4.22.59,Homo sapiens,Caspase-3,CASP3,P42574,Homo sapiens,ETDSGV,175,176,D,S,http://cutdb.burnham.org/relation/show/3902,9337844,-;-,-,26-06-2012
Chymotrypsin-C,CTRC,Q99895,3.4.21.2,Homo sapiens,Phosphorylase b kinase gamma catalytic chain skeletal muscle isoform,PHKG1,Q16816,Homo sapiens,QQYLVE,291,292,Y,L,http://cutdb.burnham.org/relation/show/3899,2365696,-;-,-,26-06-2012
Macrophage metalloelastase,MMP12,P39900,3.4.24.65,Homo sapiens,Tissue factor pathway inhibitor,TFPI,P10646,Homo sapiens,PQSTKV,202,203,S,T,http://cutdb.burnham.org/relation/show/3893,10859319,-;-,-,26-06-2012
Macrophage metalloelastase,MMP12,P39900,3.4.24.65,Homo sapiens,Coagulation factor XII,F12,P00748,Homo sapiens,VGGLVA,376,377,G,L,http://cutdb.burnham.org/relation/show/3894,10930399,-;-,-,26-06-2012
Macrophage metalloelastase,MMP12,P39900,3.4.24.65,Homo sapiens,Tissue factor pathway inhibitor,TFPI,P10646,Homo sapiens,ANRIIK,111,112,R,I,http://cutdb.burnham.org/relation/show/3892,10859319,-;-,-,26-06-2012
Macrophage metalloelastase,MMP12,P39900,3.4.24.65,Homo sapiens,Tissue factor pathway inhibitor,TFPI,P10646,Homo sapiens,PLKLMH,48,49,K,L,http://cutdb.burnham.org/relation/show/3891,10859319,-;-,-,26-06-2012
Macrophage metalloelastase,MMP12,P39900,3.4.24.65,Homo sapiens,Urokinase plasminogen activator surface receptor,PLAUR,Q03405,Homo sapiens,AVTYSR,108,109,T,Y,http://cutdb.burnham.org/relation/show/3889,12195704;  17133606;  16917801,-;-,-,26-06-2012
Macrophage metalloelastase,MMP12,P39900,3.4.24.65,Homo sapiens,Apolipoprotein(a),LPA,P08519,Homo sapiens,PPNVIL,3537,3538,N,V,http://cutdb.burnham.org/relation/show/3890,10187779,-;-,-,26-06-2012
Presenilin-2,PSEN2,P49810,n.d.,Homo sapiens,Syndecan-3,SDC3,O75056,Homo sapiens,SSPPGT,346,347,P,P,http://cutdb.burnham.org/relation/show/3887,14504279,-;-,-,26-06-2012
n.d.,null,n.d.,n.d.,Homo sapiens,Nuclear pore complex protein Nup98-Nup96,NUP98,P52948,Homo sapiens,SHFSKY,880,881,F,S,http://cutdb.burnham.org/relation/show/3888,12589057;11248057; 10087256; 12191480,null,Cleavage site curated based on Uniprot protein sequence,26-06-2012
n.d.,null,n.d.,n.d.,Homo sapiens,Nuclear pore complex protein Nup98-Nup96,NUP98,P52948,Homo sapiens,SHFSKY,880,881,F,S,http://cutdb.burnham.org/relation/show/18824,12589057;11248057; 10087256; 12191480,null,Cleavage site curated based on Uniprot protein sequence,26-06-2012
Presenilin-2,PSEN2,P49810,n.d.,Homo sapiens,Syndecan-3,SDC3,O75056,Homo sapiens,ASSPPG,345,346,S,P,http://cutdb.burnham.org/relation/show/3886,14504279,-;-,-,26-06-2012
Matrix metalloproteinase-14,MMP14,P50281,3.4.24.80,Homo sapiens,C-C motif chemokine 7,CCL7,P80098,Homo sapiens,PVGINT,27,28,G,I,http://cutdb.burnham.org/relation/show/3884,12149192,-;-,Cleavage site curated based on Uniprot protein sequence,26-06-2012
Matrix metalloproteinase-14,MMP14,P50281,3.4.24.80,Homo sapiens,72 kDa type IV collagenase,MMP2,P08253,Homo sapiens,SCNLFV,66,67,N,L,http://cutdb.burnham.org/relation/show/3883,8663332;  11889136;  16026329;  8939968;  8621565,-;-,-,26-06-2012
Matrix metalloproteinase-14,MMP14,P50281,3.4.24.80,Homo sapiens,Coagulation factor XII,F12,P00748,Homo sapiens,VGGLVA,376,377,G,L,http://cutdb.burnham.org/relation/show/3881,10930399,-;-,-,26-06-2012
Matrix metalloproteinase-14,MMP14,P50281,3.4.24.80,Homo sapiens,Metastasis-suppressor KiSS-1,KISS1,Q15726,Homo sapiens,SFGLRF,118,119,G,L,http://cutdb.burnham.org/relation/show/3880,12879005,-;-,-,26-06-2012
Plasminogen,PLG,P00747,3.4.21.7,Homo sapiens,Collagenase 3,MMP13,P45452,Homo sapiens,ILKENA,57,58,K,E,http://cutdb.burnham.org/relation/show/17963,8663255,-;-,-,26-06-2012
Matrix metalloproteinase-14,MMP14,P50281,3.4.24.80,Homo sapiens,Aggrecan core protein,ACAN,P16112,Homo sapiens,SEDLVV,460,461,D,L,http://cutdb.burnham.org/relation/show/3878,9688535,-;-,-,26-06-2012
Matrix metalloproteinase-14,MMP14,P50281,3.4.24.80,Homo sapiens,Aggrecan core protein,ACAN,P16112,Homo sapiens,TVQTVT,373,374,Q,T,http://cutdb.burnham.org/relation/show/3877,9688535,-;-,-,26-06-2012
Matrix metalloproteinase-14,MMP14,P50281,3.4.24.80,Homo sapiens,Aggrecan core protein,ACAN,P16112,Homo sapiens,PENFFG,360,361,N,F,http://cutdb.burnham.org/relation/show/3876,9688535,-;-,-,26-06-2012
Caspase-3,CASP3,P42574,3.4.22.56,Homo sapiens,Transcription factor AP-2-alpha,TFAP2A,P05549,Homo sapiens,RHDGTS,19,20,D,G,http://cutdb.burnham.org/relation/show/3865,11438643,-;-,-,26-06-2012
Caspase-3,CASP3,P42574,3.4.22.56,Homo sapiens,TNF receptor-associated factor 1,TRAF1,Q13077,Homo sapiens,EVDCYR,163,164,D,C,http://cutdb.burnham.org/relation/show/3866,11098060,-;-,-,26-06-2012
Caspase-2,CASP2,P42575,3.4.22.55,Homo sapiens,BH3-interacting domain death agonist,BID,P55957,Homo sapiens,QTDGNR,60,61,D,G,http://cutdb.burnham.org/relation/show/3867,11832478; 15173176,-;-,-,26-06-2012
Caspase-2,CASP2,P42575,3.4.22.55,Homo sapiens,Caspase-2,CASP2,P42575,Homo sapiens,NKDGPV,169,170,D,G,http://cutdb.burnham.org/relation/show/3868,9261102,-;-,-,26-06-2012
Caspase-2,CASP2,P42575,3.4.22.55,Homo sapiens,Golgin subfamily A member 3,GOLGA3,Q08378,Homo sapiens,SPDGPG,59,60,D,G,http://cutdb.burnham.org/relation/show/3869,10791974,-;-,-,26-06-2012
Caspase-3,CASP3,P42574,3.4.22.56,Homo sapiens,Cell division control protein 42 homolog,CDC42,P60953,Homo sapiens,LRDDPS,121,122,D,D,http://cutdb.burnham.org/relation/show/3862,11278572,-;-,-,26-06-2012
Caspase-3,CASP3,P42574,3.4.22.56,Homo sapiens,Huntingtin,HTT,P42858,Homo sapiens,SVDLAS,511,512,D,L,http://cutdb.burnham.org/relation/show/3864,11675509; 16777606,-;-,Cleavage site curated based on Uniprot protein sequence,26-06-2012
Caspase-3,CASP3,P42574,3.4.22.56,Homo sapiens,Pro-interleukin-16,IL16,Q14005,Homo sapiens,STDSAA,1211,1212,D,S,http://cutdb.burnham.org/relation/show/3861,10479680,-;-,-,26-06-2012
Caspase-3,CASP3,P42574,3.4.22.56,Homo sapiens,Serine/threonine-protein kinase 4,STK4,Q13043,Homo sapiens,MTDGAN,349,350,D,G,http://cutdb.burnham.org/relation/show/3856,11278782; 11517310; 11278283; 9545236,-;-,-,26-06-2012
Caspase-3,CASP3,P42574,3.4.22.56,Homo sapiens,Serine/threonine-protein kinase 3,STK3,Q13188,Homo sapiens,ELDSHT,322,323,D,S,http://cutdb.burnham.org/relation/show/3858,11278283; 12107159; 10611247,-;-,-,26-06-2012
Caspase-3,CASP3,P42574,3.4.22.56,Homo sapiens,Breast cancer anti-estrogen resistance protein 1,BCAR1,P56945,Homo sapiens,VPDGPL,318,319,D,G,http://cutdb.burnham.org/relation/show/3859,10712510,-;-,-,26-06-2012
Caspase-3,CASP3,P42574,3.4.22.56,Homo sapiens,Breast cancer anti-estrogen resistance protein 1,BCAR1,P56945,Homo sapiens,SPDGQY,650,651,D,G,http://cutdb.burnham.org/relation/show/3860,10712510; 12480533,-;-,-,26-06-2012
Cathepsin D,CTSD,P07339,3.4.23.5,Homo sapiens,Thyroglobulin,TG,P01266,Homo sapiens,GHFLRE,2487,2488,F,L,http://cutdb.burnham.org/relation/show/18007,1939080,-;-,-,26-06-2012
Cathepsin B,CTSB,P07858,3.4.22.1,Homo sapiens,Trypsin-2,PRSS2,P07478,Homo sapiens,DDKIVG,23,24,K,I,http://cutdb.burnham.org/relation/show/18001,12102727,-;-,-,26-06-2012
Caspase-3,CASP3,P42574,3.4.22.56,Homo sapiens,Ras GTPase-activating protein 1,RASA1,P20936,Homo sapiens,GDSLDG,158,159,S,L,http://cutdb.burnham.org/relation/show/3848,10200531,-;-,-,26-06-2012
Caspase-3,CASP3,P42574,3.4.22.56,Homo sapiens,Apoptotic chromatin condensation inducer in the nucleus,ACIN1,Q9UKV3,Homo sapiens,ELDYHR,1093,1094,D,Y,http://cutdb.burnham.org/relation/show/3849,10490026,-;-,-,26-06-2012
Caspase-3,CASP3,P42574,3.4.22.56,Homo sapiens,Serine/threonine-protein kinase 4,STK4,Q13043,Homo sapiens,EMDSGT,326,327,D,S,http://cutdb.burnham.org/relation/show/3851,11517310;  11278283;  9545236;  11278782;  17932490,-;-,-,26-06-2012
Caspase-3,CASP3,P42574,3.4.22.56,Homo sapiens,Ras GTPase-activating protein 1,RASA1,P20936,Homo sapiens,VDGKEI,456,457,G,K,http://cutdb.burnham.org/relation/show/3847,10200531,-;-,-,26-06-2012
Caspase-3,CASP3,P42574,3.4.22.56,Homo sapiens,Heterogeneous nuclear ribonucleoprotein U,HNRNPU,Q00839,Homo sapiens,ALDGDQ,100,101,D,G,http://cutdb.burnham.org/relation/show/3846,10671544,-;-,-,26-06-2012
Caspase-3,CASP3,P42574,3.4.22.56,Homo sapiens,Apoptosis regulator Bcl-2,BCL2,P10415,Homo sapiens,AGDVGA,34,35,D,V,http://cutdb.burnham.org/relation/show/3844,9395403,-;-,-,26-06-2012
Caspase-3,CASP3,P42574,3.4.22.56,Homo sapiens,Protein Mdm4,MDM4,O15151,Homo sapiens,VPDCRR,361,362,D,C,http://cutdb.burnham.org/relation/show/3845,11840332,-;-,-,26-06-2012
Caspase-3,CASP3,P42574,3.4.22.56,Homo sapiens,Serine/threonine-protein kinase N2,PKN2,Q16513,Homo sapiens,EVDSLM,700,701,D,S,http://cutdb.burnham.org/relation/show/3841,9368003,-;-,-,26-06-2012
Caspase-3,CASP3,P42574,3.4.22.56,Homo sapiens,Golgin subfamily A member 3,GOLGA3,Q08378,Homo sapiens,STDSPL,139,140,D,S,http://cutdb.burnham.org/relation/show/3842,10791974,-;-,-,26-06-2012
Furin,FURIN,P09958,3.4.21.75,Homo sapiens,Endothelin-1,EDN1,P05305,Homo sapiens,IRRSSE,168,169,R,S,http://cutdb.burnham.org/relation/show/17999,12135739,-;-,-,26-06-2012
Cysteine protease ATG4B,ATG4B,Q9Y4P1,n.d.,Homo sapiens,Microtubule-associated proteins 1A/1B light chain 3B,MAP1LC3B,Q9GZQ8,Homo sapiens,TFGMKL,120,121,G,M,http://cutdb.burnham.org/relation/show/18058,15187094,-;-,-,26-06-2012
Cysteine protease ATG4B,ATG4B,Q9Y4P1,n.d.,Homo sapiens,Gamma-aminobutyric acid receptor-associated protein-like 2,GABARAPL2,P60520,Homo sapiens,TFGF--,116,117,G,F,http://cutdb.burnham.org/relation/show/18059,15187094,-;-,-,26-06-2012
Caspase-3,CASP3,P42574,3.4.22.56,Homo sapiens,Gelsolin,GSN,P06396,Homo sapiens,QTDGLG,403,404,D,G,http://cutdb.burnham.org/relation/show/3839,9671712; 9323209,-;-,-,26-06-2012
Caspase-3,CASP3,P42574,3.4.22.56,Homo sapiens,Serine/threonine-protein kinase N2,PKN2,Q16513,Homo sapiens,ITDCPR,117,118,D,C,http://cutdb.burnham.org/relation/show/3840,9368003,-;-,-,26-06-2012
Caspase-3,CASP3,P42574,3.4.22.56,Homo sapiens,Paxillin,PXN,P49023,Homo sapiens,PADEAN,165,166,D,E,http://cutdb.burnham.org/relation/show/3836,11825902,-;-,-,26-06-2012
Caspase-3,CASP3,P42574,3.4.22.56,Homo sapiens,Paxillin,PXN,P49023,Homo sapiens,LLDELE,222,223,D,E,http://cutdb.burnham.org/relation/show/3837,11825902,-;-,-,26-06-2012
Sentrin-specific protease 5,SENP5,Q96HI0,n.d.,Homo sapiens,Small ubiquitin-related modifier 2,SUMO2,P61956,Homo sapiens,TGGVY-,93,94,G,V,http://cutdb.burnham.org/relation/show/17995,16608850,-;-,-,26-06-2012
Caspase-3,CASP3,P42574,3.4.22.56,Homo sapiens,Eukaryotic translation initiation factor 3 subunit J,EIF3J,O75822,Homo sapiens,LADYGG,242,243,D,Y,http://cutdb.burnham.org/relation/show/3833,10672017,-;-,-,26-06-2012
Caspase-3,CASP3,P42574,3.4.22.56,Homo sapiens,Paxillin,PXN,P49023,Homo sapiens,ELDRLL,146,147,D,R,http://cutdb.burnham.org/relation/show/3834,11825902,-;-,-,26-06-2012
Caspase-3,CASP3,P42574,3.4.22.56,Homo sapiens,Eukaryotic translation initiation factor 4B,EIF4B,P23588,Homo sapiens,ETDDLE,45,46,D,D,http://cutdb.burnham.org/relation/show/3835,10672017,-;-,-,26-06-2012
Caspase-3,CASP3,P42574,3.4.22.56,Homo sapiens,Paxillin,PXN,P49023,Homo sapiens,PQDSVG,102,103,D,S,http://cutdb.burnham.org/relation/show/3829,11825902,-;-,-,26-06-2012
Caspase-3,CASP3,P42574,3.4.22.56,Homo sapiens,Eukaryotic translation initiation factor 2 subunit 1,EIF2S1,P05198,Homo sapiens,EVDGDD,301,302,D,G,http://cutdb.burnham.org/relation/show/3830,10734073; 10432301,-;-,-,26-06-2012
Caspase-3,CASP3,P42574,3.4.22.56,Homo sapiens,Desmoglein-3,DSG3,P32926,Homo sapiens,YADGAI,781,782,D,G,http://cutdb.burnham.org/relation/show/3832,11500511,-;-,-,26-06-2012
Caspase-3,CASP3,P42574,3.4.22.56,Homo sapiens,Tyrosine-protein kinase Lyn,LYN,P07948,Homo sapiens,GVDLKT,18,19,D,L,http://cutdb.burnham.org/relation/show/3827,11526478,-;-,-,26-06-2012
Caspase-3,CASP3,P42574,3.4.22.56,Homo sapiens,Paxillin,PXN,P49023,Homo sapiens,DLDALL,5,6,D,A,http://cutdb.burnham.org/relation/show/3828,11825902,-;-,-,26-06-2012
Caspase-3,CASP3,P42574,3.4.22.56,Homo sapiens,E3 ubiquitin-protein ligase NEDD4,NEDD4,P46934,Homo sapiens,QPDAAC,598,599,D,A,http://cutdb.burnham.org/relation/show/3824,9593687,-;-,Cleavage site curated based on Uniprot protein sequence,26-06-2012
Caspase-3,CASP3,P42574,3.4.22.56,Homo sapiens,CAD protein,CAD,P27708,Homo sapiens,ASDGVV,1143,1144,D,G,http://cutdb.burnham.org/relation/show/3825,11854437,-;-,-,26-06-2012
Caspase-3,CASP3,P42574,3.4.22.56,Homo sapiens,CAD protein,CAD,P27708,Homo sapiens,AVDGEC,1371,1372,D,G,http://cutdb.burnham.org/relation/show/3826,11854437,-;-,-,26-06-2012
Caspase-3,CASP3,P42574,3.4.22.56,Homo sapiens,Serine/threonine-protein kinase N1,PKN1,Q16512,Homo sapiens,FLDNER,454,455,D,N,http://cutdb.burnham.org/relation/show/3818,9751706,-;-,-,26-06-2012
Caspase-3,CASP3,P42574,3.4.22.56,Homo sapiens,Serine/threonine-protein kinase N1,PKN1,Q16512,Homo sapiens,GTDSDS,558,559,D,S,http://cutdb.burnham.org/relation/show/3819,9751706,-;-,-,26-06-2012
Caspase-3,CASP3,P42574,3.4.22.56,Homo sapiens,Serine/threonine-protein kinase N1,PKN1,Q16512,Homo sapiens,DSDSSP,560,561,D,S,http://cutdb.burnham.org/relation/show/3820,9751706,-;-,-,26-06-2012
Caspase-3,CASP3,P42574,3.4.22.56,Homo sapiens,Caspase-6,CASP6,P55212,Homo sapiens,ETDAFY,23,24,D,A,http://cutdb.burnham.org/relation/show/3821,9337844,-;-,-,26-06-2012
Caspase-3,CASP3,P42574,3.4.22.56,Homo sapiens,Caspase-6,CASP6,P55212,Homo sapiens,VVDNQT,179,180,D,N,http://cutdb.burnham.org/relation/show/3822,9337844,-;-,-,26-06-2012
Caspase-3,CASP3,P42574,3.4.22.56,Homo sapiens,Caspase-6,CASP6,P55212,Homo sapiens,EVDAAS,193,194,D,A,http://cutdb.burnham.org/relation/show/3823,9337844,-;-,-,26-06-2012
Caspase-3,CASP3,P42574,3.4.22.56,Homo sapiens,Polypyrimidine tract-binding protein 1,PTBP1,P26599,Homo sapiens,KTDSSP,139,140,D,S,http://cutdb.burnham.org/relation/show/3811,12004072,-;-,-,26-06-2012
Caspase-3,CASP3,P42574,3.4.22.56,Homo sapiens,Polypyrimidine tract-binding protein 1,PTBP1,P26599,Homo sapiens,AVDAGM,172,173,D,A,http://cutdb.burnham.org/relation/show/3812,12004072,-;-,-,26-06-2012
Caspase-3,CASP3,P42574,3.4.22.56,Homo sapiens,Presenilin-2,PSEN2,P49810,Homo sapiens,EEDSYD,326,327,D,S,http://cutdb.burnham.org/relation/show/3813,9990034; 9219695; 10069390,-;-,-,26-06-2012
Caspase-3,CASP3,P42574,3.4.22.56,Homo sapiens,Presenilin-2,PSEN2,P49810,Homo sapiens,SYDSFG,329,330,D,S,http://cutdb.burnham.org/relation/show/3814,9990034; 9219695; 10069390,-;-,-,26-06-2012
Caspase-3,CASP3,P42574,3.4.22.56,Homo sapiens,Interleukin-18,IL18,Q14116,Homo sapiens,MTDSDC,71,72,D,S,http://cutdb.burnham.org/relation/show/3815,9334240,-;-,-,26-06-2012
Caspase-3,CASP3,P42574,3.4.22.56,Homo sapiens,Interleukin-18,IL18,Q14116,Homo sapiens,CRDNAP,76,77,D,N,http://cutdb.burnham.org/relation/show/3816,9334240,-;-,-,26-06-2012
Caspase-3,CASP3,P42574,3.4.22.56,Homo sapiens,Serine/threonine-protein kinase N1,PKN1,Q16512,Homo sapiens,THDGPQ,108,109,D,G,http://cutdb.burnham.org/relation/show/3817,9751706,-;-,-,26-06-2012
Caspase-3,CASP3,P42574,3.4.22.56,Homo sapiens,Polypyrimidine tract-binding protein 1,PTBP1,P26599,Homo sapiens,VPDIAV,7,8,D,I,http://cutdb.burnham.org/relation/show/3810,12004072,-;-,-,26-06-2012
Caspase-3,CASP3,P42574,3.4.22.56,Homo sapiens,Mitogen-activated protein kinase kinase kinase kinase 1,MAP4K1,Q92918,Homo sapiens,DVDIPT,385,386,D,I,http://cutdb.burnham.org/relation/show/3809,10602493,-;-,-,26-06-2012
Caspase-3,CASP3,P42574,3.4.22.56,Homo sapiens,DNA fragmentation factor subunit alpha,DFFA,O00273,Homo sapiens,AVDTGI,224,225,D,T,http://cutdb.burnham.org/relation/show/3808,9108473,-;-,-,26-06-2012
Caspase-3,CASP3,P42574,3.4.22.56,Homo sapiens,Caspase-2,CASP2,P42575,Homo sapiens,ESDAGK,347,348,D,A,http://cutdb.burnham.org/relation/show/3807,11399776,-;-,-,26-06-2012
Caspase-3,CASP3,P42574,3.4.22.56,Homo sapiens,Phosphatidylinositol 4-phosphate 5-kinase type-1 alpha,PIP5K1A,Q99755,Homo sapiens,IPDGLF,292,293,D,G,http://cutdb.burnham.org/relation/show/3806,11042212,-;-,-,26-06-2012
Caspase-3,CASP3,P42574,3.4.22.56,Homo sapiens,Alpha-adducin,ADD1,P35611,Homo sapiens,RVDENN,29,30,D,E,http://cutdb.burnham.org/relation/show/3801,10823823,-;-,-,26-06-2012
Caspase-3,CASP3,P42574,3.4.22.56,Homo sapiens,Alpha-adducin,ADD1,P35611,Homo sapiens,IVDRGS,208,209,D,R,http://cutdb.burnham.org/relation/show/3802,10823823,-;-,-,26-06-2012
Caspase-3,CASP3,P42574,3.4.22.56,Homo sapiens,Double-strand-break repair protein rad21 homolog,RAD21,O60216,Homo sapiens,SPDSVD,279,280,D,S,http://cutdb.burnham.org/relation/show/3803,11875078,-;-,-,26-06-2012
Caspase-3,CASP3,P42574,3.4.22.56,Homo sapiens,Presenilin-1,PSEN1,P49768,Homo sapiens,QRDSHL,345,346,D,S,http://cutdb.burnham.org/relation/show/3804,10069390,-;-,-,26-06-2012
Caspase-3,CASP3,P42574,3.4.22.56,Homo sapiens,DNA fragmentation factor subunit alpha,DFFA,O00273,Homo sapiens,ETDSGA,117,118,D,S,http://cutdb.burnham.org/relation/show/3805,9108473,-;-,-,26-06-2012
Caspase-3,CASP3,P42574,3.4.22.56,Homo sapiens,Replication factor C subunit 1,RFC1,P35251,Homo sapiens,LVDSQI,922,923,D,S,http://cutdb.burnham.org/relation/show/3798,9351817,-;-,Cleavage site curated based on Uniprot protein sequence,26-06-2012
Caspase-3,CASP3,P42574,3.4.22.56,Homo sapiens,Replication factor C subunit 1,RFC1,P35251,Homo sapiens,ETDAMI,1117,1118,D,A,http://cutdb.burnham.org/relation/show/3799,9351817,-;-,Cleavage site curated based on Uniprot protein sequence,26-06-2012
Caspase-3,CASP3,P42574,3.4.22.56,Homo sapiens,Huntingtin,HTT,P42858,Homo sapiens,LNDGTQ,550,551,D,G,http://cutdb.burnham.org/relation/show/3800,11675509; 16777606,-;-,Cleavage site curated based on Uniprot protein sequence,26-06-2012
Caspase-3,CASP3,P42574,3.4.22.56,Homo sapiens,Cyclin-dependent kinase inhibitor 1,CDKN1A,P38936,Homo sapiens,MTDFYH,149,150,D,F,http://cutdb.burnham.org/relation/show/3796,9799125,-;-,-,26-06-2012
Caspase-3,CASP3,P42574,3.4.22.56,Homo sapiens,Replication factor C subunit 1,RFC1,P35251,Homo sapiens,EVDGMA,723,724,D,G,http://cutdb.burnham.org/relation/show/3797,9351817; 9235961,-;-,Cleavage site curated based on Uniprot protein sequence,26-06-2012
Caspase-3,CASP3,P42574,3.4.22.56,Homo sapiens,Transcription factor Sp1,SP1,P08047,Homo sapiens,SPDAQP,590,591,D,A,http://cutdb.burnham.org/relation/show/3794,10103059,-;-,-,26-06-2012
Caspase-3,CASP3,P42574,3.4.22.56,Homo sapiens,Rab GTPase-binding effector protein 1,RABEP1,Q15276,Homo sapiens,ESDFGP,438,439,D,F,http://cutdb.burnham.org/relation/show/3793,10608812,-;-,-,26-06-2012
Caspase-3,CASP3,P42574,3.4.22.56,Homo sapiens,Rab GTPase-binding effector protein 1,RABEP1,Q15276,Homo sapiens,SLDAGL,379,380,D,A,http://cutdb.burnham.org/relation/show/3792,10608812,-;-,-,26-06-2012
Caspase-3,CASP3,P42574,3.4.22.56,Homo sapiens,DNA repair protein RAD51 homolog 1,RAD51,Q06609,Homo sapiens,QVDGAA,274,275,D,G,http://cutdb.burnham.org/relation/show/3790,10998058; 9607320,-;-,-,26-06-2012
Caspase-3,CASP3,P42574,3.4.22.56,Homo sapiens,Prothymosin alpha,PTMA,P06454,Homo sapiens,DVDTKK,101,102,D,T,http://cutdb.burnham.org/relation/show/3791,10675528,-;-,Cleavage site curated based on Uniprot protein sequence,26-06-2012
Caspase-3,CASP3,P42574,3.4.22.56,Homo sapiens,Retinoblastoma-associated protein,RB1,P06400,Homo sapiens,SIDSFE,349,350,D,S,http://cutdb.burnham.org/relation/show/3789,11420704,-;-,-,26-06-2012
Caspase-3,CASP3,P42574,3.4.22.56,Homo sapiens,PC4 and SFRS1-interacting protein,PSIP1,O75475,Homo sapiens,AQDGNQ,486,487,D,G,http://cutdb.burnham.org/relation/show/3788,12181742,-;-,-,26-06-2012
Caspase-3,CASP3,P42574,3.4.22.56,Homo sapiens,PC4 and SFRS1-interacting protein,PSIP1,O75475,Homo sapiens,EIDNNP,85,86,D,N,http://cutdb.burnham.org/relation/show/3787,12181742,-;-,-,26-06-2012
Caspase-3,CASP3,P42574,3.4.22.56,Homo sapiens,Vimentin,VIM,P08670,Homo sapiens,SVDFSL,85,86,D,F,http://cutdb.burnham.org/relation/show/3785,10469173,-;-,-,26-06-2012
Caspase-3,CASP3,P42574,3.4.22.56,Homo sapiens,PC4 and SFRS1-interacting protein,PSIP1,O75475,Homo sapiens,VPDGAV,30,31,D,G,http://cutdb.burnham.org/relation/show/3786,12181742,-;-,-,26-06-2012
Caspase-3,CASP3,P42574,3.4.22.56,Homo sapiens,Cadherin-1,CDH1,P12830,Homo sapiens,TRDNVY,750,751,D,N,http://cutdb.burnham.org/relation/show/3778,11076937,-;-,Cleavage site curated based on Uniprot protein sequence,26-06-2012
Caspase-3,CASP3,P42574,3.4.22.56,Homo sapiens,Breast cancer type 1 susceptibility protein,BRCA1,P38398,Homo sapiens,LLDDGE,1155,1156,D,D,http://cutdb.burnham.org/relation/show/3779,12149654,-;-,-,26-06-2012
Caspase-3,CASP3,P42574,3.4.22.56,Homo sapiens,Microtubule-associated protein tau,MAPT,P10636,Homo sapiens,MVDSPQ,738,739,D,S,http://cutdb.burnham.org/relation/show/3775,11162250,-;-,-,26-06-2012
Caspase-3,CASP3,P42574,3.4.22.56,Homo sapiens,Keratin type I cytoskeletal 18,KRT18,P05783,Homo sapiens,EVDAPK,238,239,D,A,http://cutdb.burnham.org/relation/show/3774,11162351;  9407108,-;-,-,26-06-2012
Caspase-3,CASP3,P42574,3.4.22.56,Homo sapiens,Cell division control protein 42 homolog,CDC42,P60953,Homo sapiens,QIDLRD,118,119,D,L,http://cutdb.burnham.org/relation/show/3768,11278572,-;-,-,26-06-2012
Caspase-3,CASP3,P42574,3.4.22.56,Homo sapiens,Calsenilin,KCNIP3,Q9Y2W7,Homo sapiens,GSDSSD,61,62,D,S,http://cutdb.burnham.org/relation/show/3769,11278424,-;-,-,26-06-2012
Caspase-3,CASP3,P42574,3.4.22.56,Homo sapiens,Serine/threonine-protein kinase PAK 2,PAK2,Q13177,Homo sapiens,HVDGAA,212,213,D,G,http://cutdb.burnham.org/relation/show/3766,9786869;   9171063,-;-,-,26-06-2012
Caspase-3,CASP3,P42574,3.4.22.56,Homo sapiens,DNA topoisomerase 1,TOP1,P11387,Homo sapiens,DADYKP,146,147,D,Y,http://cutdb.burnham.org/relation/show/3764,9933635,-;-,-,26-06-2012
Caspase-3,CASP3,P42574,3.4.22.56,Homo sapiens,Interferon-induced double-stranded RNA-activated protein kinase,EIF2AK2,P19525,Homo sapiens,LPDMKE,251,252,D,M,http://cutdb.burnham.org/relation/show/3765,11555640,-;-,-,26-06-2012
Caspase-3,CASP3,P42574,3.4.22.56,Homo sapiens,Cyclin-dependent kinase inhibitor 1,CDKN1A,P38936,Homo sapiens,HVDLSL,112,113,D,L,http://cutdb.burnham.org/relation/show/3763,10022118; 9660939,-;-,-,26-06-2012
Caspase-3,CASP3,P42574,3.4.22.56,Homo sapiens,DNA repair protein RAD51 homolog 1,RAD51,Q06609,Homo sapiens,VLDNVA,187,188,D,N,http://cutdb.burnham.org/relation/show/3762,10998058; 10082566; 9607320,-;-,-,26-06-2012
Caspase-3,CASP3,P42574,3.4.22.56,Homo sapiens,Growth arrest-specific protein 2,GAS2,O43903,Homo sapiens,RVDGKT,278,279,D,G,http://cutdb.burnham.org/relation/show/3759,10564664,-;-,-,26-06-2012
Caspase-3,CASP3,P42574,3.4.22.56,Homo sapiens,Tyrosine-protein kinase Fyn,FYN,P06241,Homo sapiens,ERDGSL,19,20,D,G,http://cutdb.burnham.org/relation/show/3760,10435619,-;-,-,26-06-2012
Caspase-3,CASP3,P42574,3.4.22.56,Homo sapiens,RAC-alpha serine/threonine-protein kinase,AKT1,P31749,Homo sapiens,CVDSER,462,463,D,S,http://cutdb.burnham.org/relation/show/3758,12124386,-;-,-,26-06-2012
Caspase-3,CASP3,P42574,3.4.22.56,Homo sapiens,Caspase-9,CASP9,P55211,Homo sapiens,QLDAIS,330,331,D,A,http://cutdb.burnham.org/relation/show/3755,8900201; 11242052,-;-,-,26-06-2012
Caspase-3,CASP3,P42574,3.4.22.56,Homo sapiens,Serum response factor,SRF,P11831,Homo sapiens,ESDSSG,254,255,D,S,http://cutdb.burnham.org/relation/show/3756,11387340; 10777594; 12874181,-;-,-,26-06-2012
Caspase-3,CASP3,P42574,3.4.22.56,Homo sapiens,Protein kinase C theta type,PRKCQ,Q04759,Homo sapiens,EVDKMC,354,355,D,K,http://cutdb.burnham.org/relation/show/3754,9252332,-;-,-,26-06-2012
Caspase-3,CASP3,P42574,3.4.22.56,Homo sapiens,Myosin light chain 3,MYL3,P08590,Homo sapiens,FVEGLR,135,136,E,G,http://cutdb.burnham.org/relation/show/3748,12186978,-;-,-,26-06-2012
Caspase-3,CASP3,P42574,3.4.22.56,Homo sapiens,Amyloid beta A4 protein,APP,P05067,Homo sapiens,EVDAAV,739,740,D,A,http://cutdb.burnham.org/relation/show/3750,15178331,-;-,-,26-06-2012
Caspase-3,CASP3,P42574,3.4.22.56,Homo sapiens,Myocyte-specific enhancer factor 2A,MEF2A,Q02078,Homo sapiens,LTDSSM,176,177,D,S,http://cutdb.burnham.org/relation/show/3745,11904443,-;-,-,26-06-2012
Caspase-3,CASP3,P42574,3.4.22.56,Homo sapiens,Atrophin-1,ATN1,P54259,Homo sapiens,SLDGRS,109,110,D,G,http://cutdb.burnham.org/relation/show/3743,9361003;  10085113,-;-,-,26-06-2012
Caspase-3,CASP3,P42574,3.4.22.56,Homo sapiens,Proteasome activator complex subunit 3,PSME3,P61289,Homo sapiens,GLDGPT,80,81,D,G,http://cutdb.burnham.org/relation/show/3741,11859414,-;-,-,26-06-2012
Caspase-3,CASP3,P42574,3.4.22.56,Homo sapiens,Bloom syndrome protein,BLM,P54132,Homo sapiens,SLDGPM,436,437,D,G,http://cutdb.burnham.org/relation/show/3742,11470874,-;-,-,26-06-2012
Caspase-3,CASP3,P42574,3.4.22.56,Homo sapiens,DNA-dependent protein kinase catalytic subunit,PRKDC,P78527,Homo sapiens,DSDGPS,2020,2021,D,G,http://cutdb.burnham.org/relation/show/3739,8804412,-;-,-,26-06-2012
Caspase-3,CASP3,P42574,3.4.22.56,Homo sapiens,Poly [ADP-ribose] polymerase 1,PARP1,P09874,Homo sapiens,EVDGVD,214,215,D,G,http://cutdb.burnham.org/relation/show/3737,8804412;  7774019;  7796396,-;-,-,26-06-2012
Endothelin-converting enzyme 1,ECE1,P42892,3.4.24.71,Homo sapiens,Endothelin-1,EDN1,P05305,Homo sapiens,PEHVVP,79,80,H,V,http://cutdb.burnham.org/relation/show/3735,10620363,-;-,-,26-06-2012
Endothelin-converting enzyme 1,ECE1,P42892,3.4.24.71,Homo sapiens,Endothelin-1,EDN1,P05305,Homo sapiens,GLGSPR,86,87,G,S,http://cutdb.burnham.org/relation/show/3736,10620363,-;-,-,26-06-2012
Endothelin-converting enzyme 1,ECE1,P42892,3.4.24.71,Homo sapiens,Endothelin-1,EDN1,P05305,Homo sapiens,HLDIIW,70,71,D,I,http://cutdb.burnham.org/relation/show/3733,10620363,-;-,-,26-06-2012
Endothelin-converting enzyme 1,ECE1,P42892,3.4.24.71,Homo sapiens,Endothelin-1,EDN1,P05305,Homo sapiens,LDIIWV,71,72,I,I,http://cutdb.burnham.org/relation/show/3734,10620363,-;-,-,26-06-2012
Endothelin-converting enzyme 1,ECE1,P42892,3.4.24.71,Homo sapiens,Endothelin-1,EDN1,P05305,Homo sapiens,CVYFCH,65,66,Y,F,http://cutdb.burnham.org/relation/show/3731,10620363,-;-,-,26-06-2012
Endothelin-converting enzyme 1,ECE1,P42892,3.4.24.71,Homo sapiens,Endothelin-1,EDN1,P05305,Homo sapiens,VYFCHL,66,67,F,C,http://cutdb.burnham.org/relation/show/3732,10620363,-;-,-,26-06-2012
Endothelin-converting enzyme 1,ECE1,P42892,3.4.24.71,Homo sapiens,Endothelin-1,EDN1,P05305,Homo sapiens,SKRALE,92,93,R,A,http://cutdb.burnham.org/relation/show/3729,9595387,-;-,-,26-06-2012
Endothelin-converting enzyme 1,ECE1,P42892,3.4.24.71,Homo sapiens,Endothelin-1,EDN1,P05305,Homo sapiens,CSSLMD,57,58,S,L,http://cutdb.burnham.org/relation/show/3730,10620363,-;-,-,26-06-2012
Endothelin-converting enzyme 1,ECE1,P42892,3.4.24.71,Homo sapiens,Endothelin-1,EDN1,P05305,Homo sapiens,IIWVNT,73,74,W,V,http://cutdb.burnham.org/relation/show/3727,10620363,-;-,-,26-06-2012
Endothelin-converting enzyme 1,ECE1,P42892,3.4.24.71,Homo sapiens,Endothelin-1,EDN1,P05305,Homo sapiens,SKRCSC,52,53,R,C,http://cutdb.burnham.org/relation/show/3728,9595387,-;-,-,26-06-2012
Prolyl endopeptidase,PREP,P48147,3.4.21.26,Homo sapiens,Angiotensinogen,AGT,P01019,Homo sapiens,IHPFHL,40,41,P,F,http://cutdb.burnham.org/relation/show/3723,12173,-;-,-,26-06-2012
Prolyl endopeptidase,PREP,P48147,3.4.21.26,Homo sapiens,Oxytocin-neurophysin 1,OXT,P01178,Homo sapiens,NCPLGG,26,27,P,L,http://cutdb.burnham.org/relation/show/3722,12173,-;-,-,26-06-2012
Meprin A subunit beta,MEP1B,Q16820,3.4.24.63,Homo sapiens,Pro-neuropeptide Y,NPY,P01303,Homo sapiens,PGEDAP,38,39,E,D,http://cutdb.burnham.org/relation/show/3719,11278902,-;-,-,26-06-2012
Meprin A subunit beta,MEP1B,Q16820,3.4.24.63,Homo sapiens,Pro-neuropeptide Y,NPY,P01303,Homo sapiens,PAEDMA,43,44,E,D,http://cutdb.burnham.org/relation/show/3720,11278902,-;-,-,26-06-2012
Meprin A subunit beta,MEP1B,Q16820,3.4.24.63,Homo sapiens,Secretin,SCT,P09683,Homo sapiens,HSDGTF,30,31,D,G,http://cutdb.burnham.org/relation/show/3718,11278902,-;-,-,26-06-2012
Meprin A subunit beta,MEP1B,Q16820,3.4.24.63,Homo sapiens,Secretin,SCT,P09683,Homo sapiens,RHSDGT,29,30,S,D,http://cutdb.burnham.org/relation/show/3717,11278902,-;-,-,26-06-2012
Meprin A subunit beta,MEP1B,Q16820,3.4.24.63,Homo sapiens,Cholecystokinin,CCK,P06307,Homo sapiens,GWMDFG,101,102,M,D,http://cutdb.burnham.org/relation/show/3716,11278902,-;-,-,26-06-2012
Meprin A subunit beta,MEP1B,Q16820,3.4.24.63,Homo sapiens,Glucagon,GCG,P01275,Homo sapiens,RAQDFV,72,73,Q,D,http://cutdb.burnham.org/relation/show/3715,11278902,-;-,-,26-06-2012
Meprin A subunit beta,MEP1B,Q16820,3.4.24.63,Homo sapiens,Glucagon,GCG,P01275,Homo sapiens,SRRAQD,70,71,R,A,http://cutdb.burnham.org/relation/show/3714,11278902,-;-,-,26-06-2012
Meprin A subunit beta,MEP1B,Q16820,3.4.24.63,Homo sapiens,Glucagon,GCG,P01275,Homo sapiens,KYLDSR,66,67,L,D,http://cutdb.burnham.org/relation/show/3713,11278902,-;-,-,26-06-2012
Meprin A subunit beta,MEP1B,Q16820,3.4.24.63,Homo sapiens,Glucagon,GCG,P01275,Homo sapiens,FTSDYS,60,61,S,D,http://cutdb.burnham.org/relation/show/3712,11278902,-;-,-,26-06-2012
Meprin A subunit beta,MEP1B,Q16820,3.4.24.63,Homo sapiens,Glucagon,GCG,P01275,Homo sapiens,SQGTFT,56,57,G,T,http://cutdb.burnham.org/relation/show/3711,11278902,-;-,-,26-06-2012
Meprin A subunit beta,MEP1B,Q16820,3.4.24.63,Homo sapiens,Gastrin,GAST,P01350,Homo sapiens,LEEEEE,82,83,E,E,http://cutdb.burnham.org/relation/show/3706,11278902,-;-,-,26-06-2012
Meprin A subunit beta,MEP1B,Q16820,3.4.24.63,Homo sapiens,Gastrin,GAST,P01350,Homo sapiens,EEEEEA,83,84,E,E,http://cutdb.burnham.org/relation/show/3707,11278902,-;-,-,26-06-2012
Meprin A subunit beta,MEP1B,Q16820,3.4.24.63,Homo sapiens,Gastrin-releasing peptide,GRP,P07492,Homo sapiens,TKMYPR,37,38,M,Y,http://cutdb.burnham.org/relation/show/3708,11278902,-;-,-,26-06-2012
Meprin A subunit beta,MEP1B,Q16820,3.4.24.63,Homo sapiens,Gastrin-releasing peptide,GRP,P07492,Homo sapiens,MYPRGN,39,40,P,R,http://cutdb.burnham.org/relation/show/3709,11278902,-;-,-,26-06-2012
Meprin A subunit beta,MEP1B,Q16820,3.4.24.63,Homo sapiens,Gastrin-releasing peptide,GRP,P07492,Homo sapiens,YPRGNH,40,41,R,G,http://cutdb.burnham.org/relation/show/3710,11278902,-;-,-,26-06-2012
Meprin A subunit beta,MEP1B,Q16820,3.4.24.63,Homo sapiens,Gastrin,GAST,P01350,Homo sapiens,WLEEEE,81,82,E,E,http://cutdb.burnham.org/relation/show/3705,11278902,-;-,-,26-06-2012
Meprin A subunit alpha,MEP1A,Q16819,3.4.24.18,Homo sapiens,Progonadoliberin-1,GNRH1,P01148,Homo sapiens,HWSYGL,27,28,S,Y,http://cutdb.burnham.org/relation/show/3700,11278902,-;-,-,26-06-2012
Meprin A subunit alpha,MEP1A,Q16819,3.4.24.18,Homo sapiens,Progonadoliberin-1,GNRH1,P01148,Homo sapiens,WSYGLR,28,29,Y,G,http://cutdb.burnham.org/relation/show/3701,11278902,-;-,-,26-06-2012
Meprin A subunit alpha,MEP1A,Q16819,3.4.24.18,Homo sapiens,Progonadoliberin-1,GNRH1,P01148,Homo sapiens,SYGLRP,29,30,G,L,http://cutdb.burnham.org/relation/show/3702,11278902,-;-,-,26-06-2012
Meprin A subunit alpha,MEP1A,Q16819,3.4.24.18,Homo sapiens,Progonadoliberin-1,GNRH1,P01148,Homo sapiens,YGLRPG,30,31,L,R,http://cutdb.burnham.org/relation/show/3703,11278902,-;-,-,26-06-2012
Meprin A subunit beta,MEP1B,Q16820,3.4.24.63,Homo sapiens,Gastrin,GAST,P01350,Homo sapiens,PWLEEE,80,81,L,E,http://cutdb.burnham.org/relation/show/3704,11278902,-;-,-,26-06-2012
Meprin A subunit alpha,MEP1A,Q16819,3.4.24.18,Homo sapiens,Pro-opiomelanocortin,POMC,P01189,Homo sapiens,SYSMEH,140,141,S,M,http://cutdb.burnham.org/relation/show/3697,11278902,-;-,-,26-06-2012
Meprin A subunit alpha,MEP1A,Q16819,3.4.24.18,Homo sapiens,Pro-opiomelanocortin,POMC,P01189,Homo sapiens,RWGKPV,147,148,G,K,http://cutdb.burnham.org/relation/show/3698,11278902,-;-,-,26-06-2012
Meprin A subunit alpha,MEP1A,Q16819,3.4.24.18,Homo sapiens,Progonadoliberin-1,GNRH1,P01148,Homo sapiens,QHWSYG,26,27,W,S,http://cutdb.burnham.org/relation/show/3699,11278902,-;-,-,26-06-2012
Meprin A subunit alpha,MEP1A,Q16819,3.4.24.18,Homo sapiens,Secretin,SCT,P09683,Homo sapiens,LLQGLV,51,52,Q,G,http://cutdb.burnham.org/relation/show/3688,11278902,-;-,-,26-06-2012
Meprin A subunit alpha,MEP1A,Q16819,3.4.24.18,Homo sapiens,Secretin,SCT,P09683,Homo sapiens,RLQRLL,47,48,Q,R,http://cutdb.burnham.org/relation/show/3686,11278902,-;-,-,26-06-2012
Meprin A subunit alpha,MEP1A,Q16819,3.4.24.18,Homo sapiens,Secretin,SCT,P09683,Homo sapiens,LQRLLQ,48,49,R,L,http://cutdb.burnham.org/relation/show/3687,11278902,-;-,-,26-06-2012
Meprin A subunit alpha,MEP1A,Q16819,3.4.24.18,Homo sapiens,Secretin,SCT,P09683,Homo sapiens,REGARL,43,44,G,A,http://cutdb.burnham.org/relation/show/3684,11278902,-;-,-,26-06-2012
Meprin A subunit alpha,MEP1A,Q16819,3.4.24.18,Homo sapiens,Secretin,SCT,P09683,Homo sapiens,GARLQR,45,46,R,L,http://cutdb.burnham.org/relation/show/3685,11278902,-;-,-,26-06-2012
Meprin A subunit alpha,MEP1A,Q16819,3.4.24.18,Homo sapiens,Secretin,SCT,P09683,Homo sapiens,RLREGA,41,42,R,E,http://cutdb.burnham.org/relation/show/3682,11278902,-;-,-,26-06-2012
Meprin A subunit alpha,MEP1A,Q16819,3.4.24.18,Homo sapiens,Secretin,SCT,P09683,Homo sapiens,LREGAR,42,43,E,G,http://cutdb.burnham.org/relation/show/3683,11278902,-;-,-,26-06-2012
Meprin A subunit alpha,MEP1A,Q16819,3.4.24.18,Homo sapiens,Secretin,SCT,P09683,Homo sapiens,ELSRLR,38,39,S,R,http://cutdb.burnham.org/relation/show/3680,11278902,-;-,-,26-06-2012
Meprin A subunit alpha,MEP1A,Q16819,3.4.24.18,Homo sapiens,Secretin,SCT,P09683,Homo sapiens,LSRLRE,39,40,R,L,http://cutdb.burnham.org/relation/show/3681,11278902,-;-,-,26-06-2012
Meprin A subunit alpha,MEP1A,Q16819,3.4.24.18,Homo sapiens,Secretin,SCT,P09683,Homo sapiens,DGTFTS,32,33,T,F,http://cutdb.burnham.org/relation/show/3677,11278902,-;-,-,26-06-2012
Meprin A subunit alpha,MEP1A,Q16819,3.4.24.18,Homo sapiens,Secretin,SCT,P09683,Homo sapiens,GTFTSE,33,34,F,T,http://cutdb.burnham.org/relation/show/3678,11278902,-;-,-,26-06-2012
Meprin A subunit alpha,MEP1A,Q16819,3.4.24.18,Homo sapiens,Secretin,SCT,P09683,Homo sapiens,TFTSEL,34,35,T,S,http://cutdb.burnham.org/relation/show/3679,11278902,-;-,-,26-06-2012
Meprin A subunit alpha,MEP1A,Q16819,3.4.24.18,Homo sapiens,Glucagon,GCG,P01275,Homo sapiens,VQWLMN,77,78,W,L,http://cutdb.burnham.org/relation/show/3676,11278902,-;-,-,26-06-2012
Meprin A subunit alpha,MEP1A,Q16819,3.4.24.18,Homo sapiens,Glucagon,GCG,P01275,Homo sapiens,RAQDFV,72,73,Q,D,http://cutdb.burnham.org/relation/show/3674,11278902,-;-,-,26-06-2012
Meprin A subunit alpha,MEP1A,Q16819,3.4.24.18,Homo sapiens,Glucagon,GCG,P01275,Homo sapiens,AQDFVQ,73,74,D,F,http://cutdb.burnham.org/relation/show/3675,11278902,-;-,-,26-06-2012
Meprin A subunit alpha,MEP1A,Q16819,3.4.24.18,Homo sapiens,Glucagon,GCG,P01275,Homo sapiens,DSRRAQ,69,70,R,R,http://cutdb.burnham.org/relation/show/3673,11278902,-;-,-,26-06-2012
Meprin A subunit alpha,MEP1A,Q16819,3.4.24.18,Homo sapiens,Glucagon,GCG,P01275,Homo sapiens,YLDSRR,67,68,D,S,http://cutdb.burnham.org/relation/show/3672,11278902,-;-,-,26-06-2012
Meprin A subunit alpha,MEP1A,Q16819,3.4.24.18,Homo sapiens,Glucagon,GCG,P01275,Homo sapiens,KYLDSR,66,67,L,D,http://cutdb.burnham.org/relation/show/3671,11278902,-;-,-,26-06-2012
Meprin A subunit alpha,MEP1A,Q16819,3.4.24.18,Homo sapiens,Glucagon,GCG,P01275,Homo sapiens,YSKYLD,64,65,K,Y,http://cutdb.burnham.org/relation/show/3669,11278902,-;-,-,26-06-2012
Meprin A subunit alpha,MEP1A,Q16819,3.4.24.18,Homo sapiens,Glucagon,GCG,P01275,Homo sapiens,SKYLDS,65,66,Y,L,http://cutdb.burnham.org/relation/show/3670,11278902,-;-,-,26-06-2012
Meprin A subunit alpha,MEP1A,Q16819,3.4.24.18,Homo sapiens,Glucagon,GCG,P01275,Homo sapiens,DYSKYL,63,64,S,K,http://cutdb.burnham.org/relation/show/3668,11278902,-;-,-,26-06-2012
Meprin A subunit alpha,MEP1A,Q16819,3.4.24.18,Homo sapiens,Glucagon,GCG,P01275,Homo sapiens,SDYSKY,62,63,Y,S,http://cutdb.burnham.org/relation/show/3667,11278902,-;-,-,26-06-2012
Meprin A subunit alpha,MEP1A,Q16819,3.4.24.18,Homo sapiens,Glucagon,GCG,P01275,Homo sapiens,FTSDYS,60,61,S,D,http://cutdb.burnham.org/relation/show/3665,11278902,-;-,-,26-06-2012
Meprin A subunit alpha,MEP1A,Q16819,3.4.24.18,Homo sapiens,Glucagon,GCG,P01275,Homo sapiens,TSDYSK,61,62,D,Y,http://cutdb.burnham.org/relation/show/3666,11278902,-;-,-,26-06-2012
Meprin A subunit alpha,MEP1A,Q16819,3.4.24.18,Homo sapiens,Glucagon,GCG,P01275,Homo sapiens,TFTSDY,59,60,T,S,http://cutdb.burnham.org/relation/show/3664,11278902,-;-,-,26-06-2012
Meprin A subunit alpha,MEP1A,Q16819,3.4.24.18,Homo sapiens,Glucagon,GCG,P01275,Homo sapiens,RHSQGT,54,55,S,Q,http://cutdb.burnham.org/relation/show/3662,11278902,-;-,-,26-06-2012
Meprin A subunit alpha,MEP1A,Q16819,3.4.24.18,Homo sapiens,Glucagon,GCG,P01275,Homo sapiens,GTFTSD,58,59,F,T,http://cutdb.burnham.org/relation/show/3663,11278902,-;-,-,26-06-2012
Meprin A subunit alpha,MEP1A,Q16819,3.4.24.18,Homo sapiens,Cholecystokinin,CCK,P06307,Homo sapiens,MGWMDF,100,101,W,M,http://cutdb.burnham.org/relation/show/3660,11278902,-;-,-,26-06-2012
Meprin A subunit alpha,MEP1A,Q16819,3.4.24.18,Homo sapiens,Cholecystokinin,CCK,P06307,Homo sapiens,WMDFGR,102,103,D,F,http://cutdb.burnham.org/relation/show/3661,11278902,-;-,-,26-06-2012
Meprin A subunit alpha,MEP1A,Q16819,3.4.24.18,Homo sapiens,Gastrin-releasing peptide,GRP,P07492,Homo sapiens,HWAVGH,45,46,A,V,http://cutdb.burnham.org/relation/show/3658,11278902,-;-,-,26-06-2012
Meprin A subunit alpha,MEP1A,Q16819,3.4.24.18,Homo sapiens,Gastrin-releasing peptide,GRP,P07492,Homo sapiens,VGHLMG,48,49,H,L,http://cutdb.burnham.org/relation/show/3659,11278902,-;-,-,26-06-2012
Meprin A subunit alpha,MEP1A,Q16819,3.4.24.18,Homo sapiens,Gastrin-releasing peptide,GRP,P07492,Homo sapiens,GNHWAV,43,44,H,W,http://cutdb.burnham.org/relation/show/3656,11278902,-;-,-,26-06-2012
Meprin A subunit alpha,MEP1A,Q16819,3.4.24.18,Homo sapiens,Gastrin-releasing peptide,GRP,P07492,Homo sapiens,NHWAVG,44,45,W,A,http://cutdb.burnham.org/relation/show/3657,11278902,-;-,-,26-06-2012
Collagenase 3,MMP13,P45452,n.d.,Homo sapiens,C-C motif chemokine 7,CCL7,P80098,Homo sapiens,PVGINT,27,28,G,I,http://cutdb.burnham.org/relation/show/3654,12149192,-;-,Cleavage site curated based on Uniprot protein sequence,26-06-2012
Meprin A subunit alpha,MEP1A,Q16819,3.4.24.18,Homo sapiens,Gastrin-releasing peptide,GRP,P07492,Homo sapiens,RGNHWA,42,43,N,H,http://cutdb.burnham.org/relation/show/3655,11278902,-;-,-,26-06-2012
Collagenase 3,MMP13,P45452,n.d.,Homo sapiens,Coagulation factor XII,F12,P00748,Homo sapiens,VGGLVA,376,377,G,L,http://cutdb.burnham.org/relation/show/3653,10930399,-;-,-,26-06-2012
Collagenase 3,MMP13,P45452,n.d.,Homo sapiens,Collagen alpha-1(II) chain,COL2A1,P02458,Homo sapiens,PPGSNG,909,910,G,S,http://cutdb.burnham.org/relation/show/3652,8609233,-;-,-,26-06-2012
Angiotensin-converting enzyme 2,ACE2,Q9BYF1,3.4.17.23,Homo sapiens,Appetite-regulating hormone,GHRL,Q9UBU3,Homo sapiens,LQPRAL,50,51,P,R,http://cutdb.burnham.org/relation/show/3649,11815627,-;-,-,26-06-2012
Angiotensin-converting enzyme 2,ACE2,Q9BYF1,3.4.17.23,Homo sapiens,Angiotensinogen,AGT,P01019,Homo sapiens,IHPFHL,40,41,P,F,http://cutdb.burnham.org/relation/show/3648,11815627,-;-,-,26-06-2012
Dipeptidyl peptidase 4,DPP4,P27487,P27487,Homo sapiens,C-C motif chemokine 3-like 1,CCL3L1,P16619,Homo sapiens,SAPLAA,25,26,P,L,http://cutdb.burnham.org/relation/show/3646,11390394,-;-,-,26-06-2012
Angiotensin-converting enzyme 2,ACE2,Q9BYF1,3.4.17.23,Homo sapiens,Angiotensinogen,AGT,P01019,Homo sapiens,PFHLVI,42,43,H,L,http://cutdb.burnham.org/relation/show/3647,11815627,-;-,-,26-06-2012
Dipeptidyl peptidase 4,DPP4,P27487,P27487,Homo sapiens,Eotaxin,CCL11,P51671,Homo sapiens,AGPASV,25,26,P,A,http://cutdb.burnham.org/relation/show/3644,11390394,-;-,-,26-06-2012
Dipeptidyl peptidase 4,DPP4,P27487,P27487,Homo sapiens,C-C motif chemokine 5,CCL5,P13501,Homo sapiens,ASPYSS,25,26,P,Y,http://cutdb.burnham.org/relation/show/3645,11390394,-;-,-,26-06-2012
Dipeptidyl peptidase 4,DPP4,P27487,P27487,Homo sapiens,C-X-C motif chemokine 10,CXCL10,P02778,Homo sapiens,GVPLSR,23,24,P,L,http://cutdb.burnham.org/relation/show/3642,11390394,-;-,-,26-06-2012
Dipeptidyl peptidase 4,DPP4,P27487,P27487,Homo sapiens,C-X-C motif chemokine 9,CXCL9,Q07325,Homo sapiens,GTPVVR,24,25,P,V,http://cutdb.burnham.org/relation/show/3643,11390394,-;-,-,26-06-2012
Dipeptidyl peptidase 4,DPP4,P27487,P27487,Homo sapiens,C-C motif chemokine 22,CCL22,O00626,Homo sapiens,AGPYGA,26,27,P,Y,http://cutdb.burnham.org/relation/show/3639,11390394,-;-,-,26-06-2012
Dipeptidyl peptidase 4,DPP4,P27487,P27487,Homo sapiens,C-C motif chemokine 22,CCL22,O00626,Homo sapiens,PYGANM,28,29,G,A,http://cutdb.burnham.org/relation/show/3640,11390394,-;-,-,26-06-2012
Dipeptidyl peptidase 4,DPP4,P27487,P27487,Homo sapiens,C-X-C motif chemokine 11,CXCL11,O14625,Homo sapiens,GFPMFK,23,24,P,M,http://cutdb.burnham.org/relation/show/3641,11390394,-;-,-,26-06-2012
Dipeptidyl peptidase 4,DPP4,P27487,P27487,Homo sapiens,Stromal cell-derived factor 1,CXCL12,P48061,Homo sapiens,GKPVSL,23,24,P,V,http://cutdb.burnham.org/relation/show/3638,11390394,-;-,-,26-06-2012
Trypsin-1,PRSS1,P07477,3.4.21.4,Homo sapiens,Meprin A subunit alpha,MEP1A,Q16819,Homo sapiens,KSRNGL,65,66,R,N,http://cutdb.burnham.org/relation/show/3637,12189145,-;-,-,26-06-2012
Trypsin-1,PRSS1,P07477,3.4.21.4,Homo sapiens,Pancreatic secretory trypsin inhibitor,SPINK1,P00995,Homo sapiens,CTKIYD,41,42,K,I,http://cutdb.burnham.org/relation/show/3635,10835640,-;-,-,26-06-2012
Trypsin-1,PRSS1,P07477,3.4.21.4,Homo sapiens,Regenerating islet-derived protein 3-alpha,REG3A,Q06141,Homo sapiens,SARIRC,37,38,R,I,http://cutdb.burnham.org/relation/show/3636,11278730,-;-,-,26-06-2012
Trypsin-1,PRSS1,P07477,3.4.21.4,Homo sapiens,Carboxypeptidase B,CPB1,P15086,Homo sapiens,RVRATG,110,111,R,A,http://cutdb.burnham.org/relation/show/3634,1370825,-;-,-,26-06-2012
Lysosomal protective protein,CTSA,P10619,3.4.16.5,Homo sapiens,Lysosome-associated membrane glycoprotein 2,LAMP2,P13473,Homo sapiens,DNFLVP,375,376,F,L,http://cutdb.burnham.org/relation/show/3633,12505983,-;-,-,26-06-2012
Coagulation factor XII,F12,P00748,3.4.21.38,Homo sapiens,Plasma kallikrein,KLKB1,P03952,Homo sapiens,STRIVG,390,391,R,I,http://cutdb.burnham.org/relation/show/3632,1998666,-;-,-,26-06-2012
Coagulation factor XII,F12,P00748,3.4.21.38,Homo sapiens,Plasma kallikrein,KLKB1,P03952,Homo sapiens,STRIVG,390,391,R,I,http://cutdb.burnham.org/relation/show/3631,3521732,-;-,-,26-06-2012
Plasma kallikrein,KLKB1,P03952,3.4.21.34,Homo sapiens,Hepatocyte growth factor-like protein,MST1,P26927,Homo sapiens,KLRVVG,483,484,R,V,http://cutdb.burnham.org/relation/show/3630,10068459,-;-,-,26-06-2012
Coagulation factor X,F10,P00742,3.4.21.6,Homo sapiens,Beta-2-glycoprotein 1,APOH,P02749,Homo sapiens,FWKTDA,336,337,K,T,http://cutdb.burnham.org/relation/show/3628,8460120,-;-,-,26-06-2012
Plasma kallikrein,KLKB1,P03952,3.4.21.34,Homo sapiens,Hepatocyte growth factor activator,HGFAC,Q04756,Homo sapiens,LTRVQL,372,373,R,V,http://cutdb.burnham.org/relation/show/3629,8226803,-;-,-,26-06-2012
Coagulation factor X,F10,P00742,3.4.21.6,Homo sapiens,Beta-2-glycoprotein 1,APOH,P02749,Homo sapiens,FWKTDA,336,337,K,T,http://cutdb.burnham.org/relation/show/3627,9596664,-;-,-,26-06-2012
Coagulation factor X,F10,P00742,3.4.21.6,Homo sapiens,Prothrombin,F2,P00734,Homo sapiens,EGRTAT,314,315,R,T,http://cutdb.burnham.org/relation/show/3626,10828960,-;-,-,26-06-2012
Coagulation factor X,F10,P00742,3.4.21.6,Homo sapiens,Vitamin K-dependent protein S,PROS1,P07225,Homo sapiens,AARQST,101,102,R,Q,http://cutdb.burnham.org/relation/show/3625,12490286;  9565566,-;-,-,26-06-2012
Coagulation factor VII,F7,P08709,3.4.21.21,Homo sapiens,Coagulation factor V,F5,P12259,Homo sapiens,ATRKMH,707,708,R,K,http://cutdb.burnham.org/relation/show/3622,10026263,-;-,-,26-06-2012
Coagulation factor VII,F7,P08709,3.4.21.21,Homo sapiens,Coagulation factor V,F5,P12259,Homo sapiens,IQRNLS,1220,1221,R,N,http://cutdb.burnham.org/relation/show/3621,10026263,-;-,-,26-06-2012
Coagulation factor VII,F7,P08709,3.4.21.21,Homo sapiens,Coagulation factor V,F5,P12259,Homo sapiens,SPRTFH,1046,1047,R,T,http://cutdb.burnham.org/relation/show/3620,10026263,-;-,-,26-06-2012
Coagulation factor VII,F7,P08709,3.4.21.21,Homo sapiens,Coagulation factor V,F5,P12259,Homo sapiens,GIRSFR,737,738,R,S,http://cutdb.burnham.org/relation/show/3619,10026263,-;-,-,26-06-2012
Complement factor I,CFI,P05156,3.4.21.45,Homo sapiens,Complement C3,C3,P01024,Homo sapiens,PSRSSK,1303,1304,R,S,http://cutdb.burnham.org/relation/show/3618,9605165; 2579379,-;-,-,26-06-2012
Complement C1r subcomponent,C1R,P00736,3.4.21.41,Homo sapiens,Complement C1r subcomponent,C1R,P00736,Homo sapiens,RQRIIG,463,464,R,I,http://cutdb.burnham.org/relation/show/3617,9174342,-;-,-,26-06-2012
Complement C1r subcomponent,C1R,P00736,3.4.21.41,Homo sapiens,Complement C1r subcomponent,C1R,P00736,Homo sapiens,DSRGWK,296,297,R,G,http://cutdb.burnham.org/relation/show/3616,9174342,-;-,-,26-06-2012
Complement C1r subcomponent,C1R,P00736,3.4.21.41,Homo sapiens,Complement C1s subcomponent,C1S,P09871,Homo sapiens,KQRIIG,437,438,R,I,http://cutdb.burnham.org/relation/show/3615,1533159,-;-,-,26-06-2012
Urokinase-type plasminogen activator,PLAU,P00749,3.4.21.73,Homo sapiens,Plasminogen,PLG,P00747,Homo sapiens,PGRVVG,580,581,R,V,http://cutdb.burnham.org/relation/show/3614,4226004,-;-,-,26-06-2012
Tryptase beta-2,TPSB2,P20231,3.4.21.59,Homo sapiens,Fibrinogen alpha chain,FGA,P02671,Homo sapiens,YNRGDS,591,592,R,G,http://cutdb.burnham.org/relation/show/3613,9485375,-;-,-,26-06-2012
Stromelysin-2,MMP10,P09238,3.4.24.22,Homo sapiens,Neutrophil collagenase,MMP8,P22894,Homo sapiens,SGGFML,98,99,G,F,http://cutdb.burnham.org/relation/show/3611,9042108,-;-,-,26-06-2012
Stromelysin-2,MMP10,P09238,3.4.24.22,Homo sapiens,Neutrophil collagenase,MMP8,P22894,Homo sapiens,SGGFML,98,99,G,F,http://cutdb.burnham.org/relation/show/3610,9578462,-;-,-,26-06-2012
Stromelysin-2,MMP10,P09238,3.4.24.22,Homo sapiens,Hyaluronan and proteoglycan link protein 1,HAPLN1,P10915,Homo sapiens,PHLLVE,40,41,L,L,http://cutdb.burnham.org/relation/show/3609,7694569,-;-,-,26-06-2012
Stromelysin-2,MMP10,P09238,3.4.24.22,Homo sapiens,Hyaluronan and proteoglycan link protein 1,HAPLN1,P10915,Homo sapiens,AIHIQA,31,32,H,I,http://cutdb.burnham.org/relation/show/3608,7694569,-;-,-,26-06-2012
Stromelysin-2,MMP10,P09238,3.4.24.22,Homo sapiens,Matrix metalloproteinase-9,MMP9,P14780,Homo sapiens,LGRFQT,106,107,R,F,http://cutdb.burnham.org/relation/show/3607,9578462,-;-,-,26-06-2012
Stromelysin-1,MMP3,P08254,3.4.24.17,Homo sapiens,Plasminogen activator inhibitor 1,SERPINE1,P05121,Homo sapiens,TAVIVS,364,365,V,I,http://cutdb.burnham.org/relation/show/3605,10967118,-;-,-,26-06-2012
Stromelysin-1,MMP3,P08254,3.4.24.17,Homo sapiens,Plasminogen activator inhibitor 1,SERPINE1,P05121,Homo sapiens,ASSSTA,360,361,S,S,http://cutdb.burnham.org/relation/show/3604,10967118,-;-,-,26-06-2012
Stromelysin-1,MMP3,P08254,3.4.24.17,Homo sapiens,Plasminogen,PLG,P00747,Homo sapiens,AAPSFD,563,564,P,S,http://cutdb.burnham.org/relation/show/3603,9548733,-;-,-,26-06-2012
Stromelysin-1,MMP3,P08254,3.4.24.17,Homo sapiens,Plasminogen,PLG,P00747,Homo sapiens,PPPVVL,466,467,P,V,http://cutdb.burnham.org/relation/show/3602,9360944,-;-,-,26-06-2012
Stromelysin-1,MMP3,P08254,3.4.24.17,Homo sapiens,Plasminogen,PLG,P00747,Homo sapiens,PPPVVL,466,467,P,V,http://cutdb.burnham.org/relation/show/3601,9548733,-;-,-,26-06-2012
Stromelysin-1,MMP3,P08254,3.4.24.17,Homo sapiens,C-C motif chemokine 7,CCL7,P80098,Homo sapiens,PVGINT,27,28,G,I,http://cutdb.burnham.org/relation/show/3599,12149192,-;-,Cleavage site curated based on Uniprot protein sequence,26-06-2012
Stromelysin-1,MMP3,P08254,3.4.24.17,Homo sapiens,Plasminogen,PLG,P00747,Homo sapiens,MAENRK,78,79,E,N,http://cutdb.burnham.org/relation/show/3600,9548733,-;-,-,26-06-2012
Stromelysin-1,MMP3,P08254,3.4.24.17,Homo sapiens,C-C motif chemokine 13,CCL13,Q99616,Homo sapiens,PDALNV,27,28,A,L,http://cutdb.burnham.org/relation/show/3596,12149192,-;-,-,26-06-2012
Stromelysin-1,MMP3,P08254,3.4.24.17,Homo sapiens,C-C motif chemokine 8,CCL8,P80075,Homo sapiens,PDSVSI,27,28,S,V,http://cutdb.burnham.org/relation/show/3597,12149192,-;-,-,26-06-2012
Stromelysin-1,MMP3,P08254,3.4.24.17,Homo sapiens,C-C motif chemokine 2,CCL2,P13500,Homo sapiens,PDAINA,27,28,A,I,http://cutdb.burnham.org/relation/show/3598,12149192,-;-,-,26-06-2012
Stromelysin-1,MMP3,P08254,3.4.24.17,Homo sapiens,Hyaluronan and proteoglycan link protein 1,HAPLN1,P10915,Homo sapiens,AIHIQA,31,32,H,I,http://cutdb.burnham.org/relation/show/3594,7694569,-;-,-,26-06-2012
Stromelysin-1,MMP3,P08254,3.4.24.17,Homo sapiens,C-C motif chemokine 13,CCL13,Q99616,Homo sapiens,QPDALN,26,27,D,A,http://cutdb.burnham.org/relation/show/3595,12149192,-;-,-,26-06-2012
Stromelysin-1,MMP3,P08254,3.4.24.17,Homo sapiens,Serum amyloid A protein,SAA1,P02735,Homo sapiens,AEVISN,75,76,V,I,http://cutdb.burnham.org/relation/show/3592,11485914,-;-,Unmatched cleavage site; Cleavage site discarded,26-06-2012
Stromelysin-1,MMP3,P08254,3.4.24.17,Homo sapiens,Serum amyloid A protein,SAA1,P02735,Homo sapiens,AAEVIS,74,75,E,V,http://cutdb.burnham.org/relation/show/3593,11485914,-;-,Unmatched cleavage site; Cleavage site discarded,26-06-2012
Stromelysin-1,MMP3,P08254,3.4.24.17,Homo sapiens,Insulin-like growth factor-binding protein 3,IGFBP3,P17936,Homo sapiens,RAYLLP,126,127,Y,L,http://cutdb.burnham.org/relation/show/3591,7523391,-;-,-,26-06-2012
Stromelysin-1,MMP3,P08254,3.4.24.17,Homo sapiens,Insulin-like growth factor-binding protein 3,IGFBP3,P17936,Homo sapiens,PGNASE,136,137,N,A,http://cutdb.burnham.org/relation/show/3590,7523391,-;-,-,26-06-2012
Stromelysin-1,MMP3,P08254,3.4.24.17,Homo sapiens,Aggrecan core protein,ACAN,P16112,Homo sapiens,RGSVIL,396,397,S,V,http://cutdb.burnham.org/relation/show/3589,9688535,-;-,-,26-06-2012
Matrilysin,MMP7,P09237,3.4.24.23,Homo sapiens,Aggrecan core protein,ACAN,P16112,Homo sapiens,PENFFG,360,361,N,F,http://cutdb.burnham.org/relation/show/18232,1730630; 9688535,-;-,-,26-06-2012
Stromelysin-1,MMP3,P08254,3.4.24.17,Homo sapiens,Aggrecan core protein,ACAN,P16112,Homo sapiens,PENFFG,360,361,N,F,http://cutdb.burnham.org/relation/show/3587,8216228; 9688535,-;-,-,26-06-2012
Matrilysin,MMP7,P09237,3.4.24.23,Homo sapiens,Plasminogen,PLG,P00747,Homo sapiens,PPPVVL,466,467,P,V,http://cutdb.burnham.org/relation/show/3586,9360944;  16984165,-;-,-,26-06-2012
Matrilysin,MMP7,P09237,3.4.24.23,Homo sapiens,Hyaluronan and proteoglycan link protein 1,HAPLN1,P10915,Homo sapiens,PHLLVE,40,41,L,L,http://cutdb.burnham.org/relation/show/3585,7694569,-;-,-,26-06-2012
Matrilysin,MMP7,P09237,3.4.24.23,Homo sapiens,Decorin,DCN,P07585,Homo sapiens,RELHLD,274,275,L,H,http://cutdb.burnham.org/relation/show/3584,9148753,-;-,-,26-06-2012
Matrilysin,MMP7,P09237,3.4.24.23,Homo sapiens,Decorin,DCN,P07585,Homo sapiens,EDEASG,32,33,E,A,http://cutdb.burnham.org/relation/show/3583,9148753,-;-,-,26-06-2012
Matrilysin,MMP7,P09237,3.4.24.23,Homo sapiens,Decorin,DCN,P07585,Homo sapiens,LEDEAS,31,32,D,E,http://cutdb.burnham.org/relation/show/3582,9148753,-;-,-,26-06-2012
Matrilysin,MMP7,P09237,3.4.24.23,Homo sapiens,Integrin beta-4,ITGB4,P16144,Homo sapiens,DGLKMD,444,445,L,K,http://cutdb.burnham.org/relation/show/3581,9344615,-;-,-,26-06-2012
Matrilysin,MMP7,P09237,3.4.24.23,Homo sapiens,Tissue factor pathway inhibitor,TFPI,P10646,Homo sapiens,PLKLMH,48,49,K,L,http://cutdb.burnham.org/relation/show/3578,10859319,-;-,-,26-06-2012
Matrilysin,MMP7,P09237,3.4.24.23,Homo sapiens,Alpha-1-antitrypsin,SERPINA1,P01009,Homo sapiens,FVFLMI,396,397,F,L,http://cutdb.burnham.org/relation/show/3579,7980522,-;-,-,26-06-2012
Matrilysin,MMP7,P09237,3.4.24.23,Homo sapiens,Osteopontin,SPP1,P10451,Homo sapiens,AQDLNA,210,211,D,L,http://cutdb.burnham.org/relation/show/3580,11375993,-;-,Cleavage site curated based on Uniprot protein sequence,26-06-2012
Matrilysin,MMP7,P09237,3.4.24.23,Homo sapiens,Integrin beta-4,ITGB4,P16144,Homo sapiens,LYILMD,134,135,I,L,http://cutdb.burnham.org/relation/show/3577,10504457,-;-,-,26-06-2012
Matrilysin,MMP7,P09237,3.4.24.23,Homo sapiens,Integrin beta-4,ITGB4,P16144,Homo sapiens,LYILMD,134,135,I,L,http://cutdb.burnham.org/relation/show/3576,11320086,-;-,-,26-06-2012
Myeloblastin,PRTN3,P24158,3.4.21.76,Homo sapiens,Proteinase-activated receptor 2,F2RL1,P55085,Homo sapiens,LTTVFL,75,76,T,V,http://cutdb.burnham.org/relation/show/3572,10978167,-;-,-,26-06-2012
Myeloblastin,PRTN3,P24158,3.4.21.76,Homo sapiens,Proteinase-activated receptor 2,F2RL1,P55085,Homo sapiens,TTVFLP,76,77,V,F,http://cutdb.burnham.org/relation/show/3573,10978167,-;-,-,26-06-2012
Matrilysin,MMP7,P09237,3.4.24.23,Homo sapiens,Osteopontin,SPP1,P10451,Homo sapiens,VYGLRS,166,167,G,L,http://cutdb.burnham.org/relation/show/3574,11375993,-;-,Cleavage site curated based on Uniprot protein sequence,26-06-2012
Matrilysin,MMP7,P09237,3.4.24.23,Homo sapiens,Integrin beta-4,ITGB4,P16144,Homo sapiens,LYILMD,134,135,I,L,http://cutdb.burnham.org/relation/show/3575,9344615,-;-,-,26-06-2012
Prothrombin,F2,P00734,3.4.21.5,Homo sapiens,Proteinase-activated receptor 1,F2R,P25116,Homo sapiens,DPRSFL,41,42,R,S,http://cutdb.burnham.org/relation/show/3568,10644723,-;-,-,26-06-2012
Myeloblastin,PRTN3,P24158,3.4.21.76,Homo sapiens,Proteinase-activated receptor 2,F2RL1,P55085,Homo sapiens,SHVTGK,48,49,V,T,http://cutdb.burnham.org/relation/show/3570,10978167,-;-,-,26-06-2012
Myeloblastin,PRTN3,P24158,3.4.21.76,Homo sapiens,Proteinase-activated receptor 2,F2RL1,P55085,Homo sapiens,KLTTVF,74,75,T,T,http://cutdb.burnham.org/relation/show/3571,10978167,-;-,-,26-06-2012
Prothrombin,F2,P00734,3.4.21.5,Homo sapiens,Antithrombin-III,SERPINC1,P01008,Homo sapiens,AGRSLN,425,426,R,S,http://cutdb.burnham.org/relation/show/3567,7238875,-;-,-,26-06-2012
Prothrombin,F2,P00734,3.4.21.5,Homo sapiens,Insulin-like growth factor-binding protein 3,IGFBP3,P17936,Homo sapiens,RLRAYL,124,125,R,A,http://cutdb.burnham.org/relation/show/3565,8843739; 10218588; 7538844,-;-,-,26-06-2012
Prothrombin,F2,P00734,3.4.21.5,Homo sapiens,Platelet glycoprotein V,GP5,P40197,Homo sapiens,GPRGPP,476,477,R,G,http://cutdb.burnham.org/relation/show/3561,8407908,-;-,-,26-06-2012
Prothrombin,F2,P00734,3.4.21.5,Homo sapiens,Hepatocyte growth factor activator,HGFAC,Q04756,Homo sapiens,RPRIIG,407,408,R,I,http://cutdb.burnham.org/relation/show/3562,8226803,-;-,-,26-06-2012
Prothrombin,F2,P00734,3.4.21.5,Homo sapiens,Insulin-like growth factor-binding protein 3,IGFBP3,P17936,Homo sapiens,SPRGVH,233,234,R,G,http://cutdb.burnham.org/relation/show/3563,8843739,-;-,-,26-06-2012
Matrix metalloproteinase-9,MMP9,P14780,3.4.24.35,Homo sapiens,Collagen alpha-1(II) chain,COL2A1,P02458,Homo sapiens,PSGFQG,663,664,G,F,http://cutdb.burnham.org/relation/show/18538,15311942,-;-,Cleavage site curated based on Uniprot protein sequence,26-06-2012
Prothrombin,F2,P00734,3.4.21.5,Homo sapiens,Insulin-like growth factor-binding protein 5,IGFBP5,P24593,Homo sapiens,HPRIIS,176,177,R,I,http://cutdb.burnham.org/relation/show/3556,9528953,-;-,-,26-06-2012
Prothrombin,F2,P00734,3.4.21.5,Homo sapiens,Aflatoxin B1 aldehyde reductase member 2,AKR7A2,O43488,Homo sapiens,GLRFYA,221,222,R,F,http://cutdb.burnham.org/relation/show/3557,9576847,-;-,-,26-06-2012
Prothrombin,F2,P00734,3.4.21.5,Homo sapiens,Serotonin N-acetyltransferase,AANAT,Q16613,Homo sapiens,EFRCLT,38,39,R,C,http://cutdb.burnham.org/relation/show/3558,11427721,-;-,-,26-06-2012
Prothrombin,F2,P00734,3.4.21.5,Homo sapiens,Thrombopoietin,THPO,P40225,Homo sapiens,QGRTTA,138,139,R,T,http://cutdb.burnham.org/relation/show/3559,8942648,-;-,-,26-06-2012
Prothrombin,F2,P00734,3.4.21.5,Homo sapiens,Thrombopoietin,THPO,P40225,Homo sapiens,SARTTG,212,213,R,T,http://cutdb.burnham.org/relation/show/3560,8942648,-;-,-,26-06-2012
Prothrombin,F2,P00734,3.4.21.5,Homo sapiens,Vitamin K-dependent protein S,PROS1,P07225,Homo sapiens,CLRSFQ,90,91,R,S,http://cutdb.burnham.org/relation/show/3553,12490286,-;-,-,26-06-2012
Prothrombin,F2,P00734,3.4.21.5,Homo sapiens,Insulin-like growth factor-binding protein 5,IGFBP5,P24593,Homo sapiens,RPKHTR,140,141,K,H,http://cutdb.burnham.org/relation/show/3554,9528953,-;-,-,26-06-2012
Prothrombin,F2,P00734,3.4.21.5,Homo sapiens,Insulin-like growth factor-binding protein 5,IGFBP5,P24593,Homo sapiens,VPRAVY,212,213,R,A,http://cutdb.burnham.org/relation/show/3555,9528953,-;-,-,26-06-2012
Plasminogen,PLG,P00747,3.4.21.7,Homo sapiens,Coagulation factor V,F5,P12259,Homo sapiens,no information,0,0,?,?,http://cutdb.burnham.org/relation/show/21392,2521293,-;-,-,26-06-2012
Prothrombin,F2,P00734,3.4.21.5,Homo sapiens,Coagulation factor V,F5,P12259,Homo sapiens,YLRSNN,1573,1574,R,S,http://cutdb.burnham.org/relation/show/3545,7989361;  10026263;  9242537,-;-,-,26-06-2012
Prothrombin,F2,P00734,3.4.21.5,Homo sapiens,Coagulation factor V,F5,P12259,Homo sapiens,SPRTFH,1046,1047,R,T,http://cutdb.burnham.org/relation/show/3544,10026263,-;-,-,26-06-2012
Prothrombin,F2,P00734,3.4.21.5,Homo sapiens,Coagulation factor V,F5,P12259,Homo sapiens,GIRSFR,737,738,R,S,http://cutdb.burnham.org/relation/show/3543,9242537,-;-,-,26-06-2012
Prothrombin,F2,P00734,3.4.21.5,Homo sapiens,Coagulation factor V,F5,P12259,Homo sapiens,GIRSFR,737,738,R,S,http://cutdb.burnham.org/relation/show/3542,7989361,-;-,-,26-06-2012
Prothrombin,F2,P00734,3.4.21.5,Homo sapiens,Coagulation factor V,F5,P12259,Homo sapiens,GIRSFR,737,738,R,S,http://cutdb.burnham.org/relation/show/3541,10026263,-;-,-,26-06-2012
Prothrombin,F2,P00734,3.4.21.5,Homo sapiens,Coagulation factor VIII,F8,P00451,Homo sapiens,SPRSFQ,1708,1709,R,S,http://cutdb.burnham.org/relation/show/3540,10350471,-;-,-,26-06-2012
Prothrombin,F2,P00734,3.4.21.5,Homo sapiens,Coagulation factor VIII,F8,P00451,Homo sapiens,EPRSFS,759,760,R,S,http://cutdb.burnham.org/relation/show/3539,10350471,-;-,-,26-06-2012
Prothrombin,F2,P00734,3.4.21.5,Homo sapiens,Coagulation factor VIII,F8,P00451,Homo sapiens,QIRSVA,391,392,R,S,http://cutdb.burnham.org/relation/show/3538,10350471,-;-,-,26-06-2012
Prothrombin,F2,P00734,3.4.21.5,Homo sapiens,Carboxypeptidase B2,CPB2,Q96IY4,Homo sapiens,SPRASA,114,115,R,A,http://cutdb.burnham.org/relation/show/3536,10777524,-;-,-,26-06-2012
null,n.d.,n.d,n.d.,Homo sapiens,Eukaryotic translation initiation factor 2 subunit 1,EIF2S1,P05198,Homo sapiens,ELSRRR,52,53,S,R,http://cutdb.burnham.org/relation/show/3530,11555640,-;-,-,26-06-2012
Vitamin K-dependent protein C,PROC,P04070,3.4.21.69,Homo sapiens,Coagulation factor V,F5,P12259,Homo sapiens,LKKSQF,1022,1023,K,S,http://cutdb.burnham.org/relation/show/3529,7989361,-;-,-,26-06-2012
Vitamin K-dependent protein C,PROC,P04070,3.4.21.69,Homo sapiens,Coagulation factor V,F5,P12259,Homo sapiens,DRRGIQ,534,535,R,G,http://cutdb.burnham.org/relation/show/3528,7989361; 10091585,-;-,-,26-06-2012
Vitamin K-dependent protein C,PROC,P04070,3.4.21.69,Homo sapiens,Coagulation factor V,F5,P12259,Homo sapiens,KTRNLK,334,335,R,N,http://cutdb.burnham.org/relation/show/3527,7989361; 10091585,-;-,-,26-06-2012
Prostate-specific antigen,KLK3,P07288,3.4.21.77,Homo sapiens,Insulin-like growth factor-binding protein 3,IGFBP3,P17936,Homo sapiens,SKRETE,206,207,R,E,http://cutdb.burnham.org/relation/show/3524,10218588;  7538844;  1383255,-;-,-,26-06-2012
Vitamin K-dependent protein C,PROC,P04070,3.4.21.69,Homo sapiens,Coagulation factor V,F5,P12259,Homo sapiens,ATRKMH,707,708,R,K,http://cutdb.burnham.org/relation/show/3525,7989361; 10026263,-;-,-,26-06-2012
Prostate-specific antigen,KLK3,P07288,3.4.21.77,Homo sapiens,Insulin-like growth factor-binding protein 3,IGFBP3,P17936,Homo sapiens,QNFSSE,200,201,F,S,http://cutdb.burnham.org/relation/show/3522,10218588;  7538844;  1383255,-;-,-,26-06-2012
Prostate-specific antigen,KLK3,P07288,3.4.21.77,Homo sapiens,Insulin-like growth factor-binding protein 3,IGFBP3,P17936,Homo sapiens,QRYKVD,186,187,Y,K,http://cutdb.burnham.org/relation/show/3520,10218588;  7538844;  1383255,-;-,Cleavage site curated based on Uniprot protein sequence,26-06-2012
Prostate-specific antigen,KLK3,P07288,3.4.21.77,Homo sapiens,Insulin-like growth factor-binding protein 3,IGFBP3,P17936,Homo sapiens,RLRAYL,124,125,R,A,http://cutdb.burnham.org/relation/show/3514,7538844;  10218588;  8843739;  1383255,-;-,-,26-06-2012
Matrix metalloproteinase-9,MMP9,P14780,3.4.24.35,Homo sapiens,Collagen alpha-1(II) chain,COL2A1,P02458,Homo sapiens,PQGARG,594,595,G,A,http://cutdb.burnham.org/relation/show/18536,15311942,-;-,Cleavage site curated based on Uniprot protein sequence,26-06-2012
Prostate-specific antigen,KLK3,P07288,3.4.21.77,Homo sapiens,Insulin-like growth factor-binding protein 3,IGFBP3,P17936,Homo sapiens,THRVSD,159,160,R,V,http://cutdb.burnham.org/relation/show/3517,7538844; 10218588,-;-,-,26-06-2012
Matrix metalloproteinase-9,MMP9,P14780,3.4.24.35,Homo sapiens,Collagen alpha-1(II) chain,COL2A1,P02458,Homo sapiens,PRGERG,699,700,G,E,http://cutdb.burnham.org/relation/show/18539,15311942,-;-,Cleavage site curated based on Uniprot protein sequence,26-06-2012
Prostate-specific antigen,KLK3,P07288,3.4.21.77,Homo sapiens,Plasminogen,PLG,P00747,Homo sapiens,GTEASV,458,459,E,A,http://cutdb.burnham.org/relation/show/3513,10604721,-;-,-,26-06-2012
Matrix metalloproteinase-9,MMP9,P14780,3.4.24.35,Homo sapiens,Collagen alpha-1(II) chain,COL2A1,P02458,Homo sapiens,ARGLTG,561,562,G,L,http://cutdb.burnham.org/relation/show/18535,15311942,-;-,Cleavage site curated based on Uniprot protein sequence,26-06-2012
Prostate-specific antigen,KLK3,P07288,3.4.21.77,Homo sapiens,Insulin-like growth factor-binding protein 3,IGFBP3,P17936,Homo sapiens,QRYKVD,186,187,Y,K,http://cutdb.burnham.org/relation/show/3508,10218588;  1383255,-;-,-,26-06-2012
Matrix metalloproteinase-9,MMP9,P14780,3.4.24.35,Homo sapiens,Collagen alpha-1(II) chain,COL2A1,P02458,Homo sapiens,PSGLAG,537,538,G,L,http://cutdb.burnham.org/relation/show/18533,15311942,-;-,Cleavage site curated based on Uniprot protein sequence,26-06-2012
Prostate-specific antigen,KLK3,P07288,3.4.21.77,Homo sapiens,Insulin-like growth factor-binding protein 3,IGFBP3,P17936,Homo sapiens,STHRVS,158,159,H,R,http://cutdb.burnham.org/relation/show/3504,10218588;  1383255,-;-,-,26-06-2012
Matrix metalloproteinase-9,MMP9,P14780,3.4.24.35,Homo sapiens,Collagen alpha-1(II) chain,COL2A1,P02458,Homo sapiens,APGLRG,627,628,G,L,http://cutdb.burnham.org/relation/show/18537,15311942,-;-,Cleavage site curated based on Uniprot protein sequence,26-06-2012
Prostate-specific antigen,KLK3,P07288,3.4.21.77,Homo sapiens,Antileukoproteinase,SLPI,P03973,Homo sapiens,CLMLNP,98,99,M,L,http://cutdb.burnham.org/relation/show/3500,7539415,-;-,-,26-06-2012
Prostate-specific antigen,KLK3,P07288,3.4.21.77,Homo sapiens,Antileukoproteinase,SLPI,P03973,Homo sapiens,CLRYKK,45,46,R,Y,http://cutdb.burnham.org/relation/show/3499,7539415,-;-,-,26-06-2012
Prostate-specific antigen,KLK3,P07288,3.4.21.77,Homo sapiens,Semenogelin-2,SEMG2,Q02383,Homo sapiens,LNYGGK,480,481,Y,G,http://cutdb.burnham.org/relation/show/3498,11027412,-;-,-,26-06-2012
Prostate-specific antigen,KLK3,P07288,3.4.21.77,Homo sapiens,Semenogelin-2,SEMG2,Q02383,Homo sapiens,RLNSGE,419,420,N,S,http://cutdb.burnham.org/relation/show/3497,11027412,-;-,-,26-06-2012
Prostate-specific antigen,KLK3,P07288,3.4.21.77,Homo sapiens,Semenogelin-2,SEMG2,Q02383,Homo sapiens,PSQAQE,395,396,Q,A,http://cutdb.burnham.org/relation/show/3496,11027412,-;-,-,26-06-2012
Prostate-specific antigen,KLK3,P07288,3.4.21.77,Homo sapiens,Semenogelin-2,SEMG2,Q02383,Homo sapiens,HLNCGE,359,360,N,C,http://cutdb.burnham.org/relation/show/3495,11027412,-;-,-,26-06-2012
Prostate-specific antigen,KLK3,P07288,3.4.21.77,Homo sapiens,Semenogelin-2,SEMG2,Q02383,Homo sapiens,QNQVTI,329,330,Q,V,http://cutdb.burnham.org/relation/show/3493,11027412,-;-,-,26-06-2012
Prostate-specific antigen,KLK3,P07288,3.4.21.77,Homo sapiens,Semenogelin-2,SEMG2,Q02383,Homo sapiens,LHHGEK,300,301,H,G,http://cutdb.burnham.org/relation/show/3494,11027412,-;-,-,26-06-2012
Prostate-specific antigen,KLK3,P07288,3.4.21.77,Homo sapiens,Semenogelin-2,SEMG2,Q02383,Homo sapiens,AHQDRL,243,244,Q,D,http://cutdb.burnham.org/relation/show/3492,11027412,-;-,-,26-06-2012
Prostate-specific antigen,KLK3,P07288,3.4.21.77,Homo sapiens,Semenogelin-2,SEMG2,Q02383,Homo sapiens,SSYVLQ,194,195,Y,V,http://cutdb.burnham.org/relation/show/3491,11027412,-;-,-,26-06-2012
Prostate-specific antigen,KLK3,P07288,3.4.21.77,Homo sapiens,Semenogelin-2,SEMG2,Q02383,Homo sapiens,KLQTSL,235,236,Q,T,http://cutdb.burnham.org/relation/show/3490,11027412,-;-,-,26-06-2012
Prostate-specific antigen,KLK3,P07288,3.4.21.77,Homo sapiens,Semenogelin-2,SEMG2,Q02383,Homo sapiens,HYQNVV,221,222,Q,N,http://cutdb.burnham.org/relation/show/3489,11027412,-;-,-,26-06-2012
Prostate-specific antigen,KLK3,P07288,3.4.21.77,Homo sapiens,Semenogelin-2,SEMG2,Q02383,Homo sapiens,KQHLGG,99,100,H,L,http://cutdb.burnham.org/relation/show/3488,11027412,-;-,-,26-06-2012
Prostate-specific antigen,KLK3,P07288,3.4.21.77,Homo sapiens,Semenogelin-2,SEMG2,Q02383,Homo sapiens,QQYDLN,85,86,Y,D,http://cutdb.burnham.org/relation/show/3487,11027412,-;-,-,26-06-2012
Prostate-specific antigen,KLK3,P07288,3.4.21.77,Homo sapiens,Semenogelin-2,SEMG2,Q02383,Homo sapiens,HTYHVD,69,70,Y,H,http://cutdb.burnham.org/relation/show/3486,11027412,-;-,-,26-06-2012
Prostate-specific antigen,KLK3,P07288,3.4.21.77,Homo sapiens,Semenogelin-2,SEMG2,Q02383,Homo sapiens,HTKSKG,58,59,K,S,http://cutdb.burnham.org/relation/show/3485,11027412,-;-,-,26-06-2012
Prostate-specific antigen,KLK3,P07288,3.4.21.77,Homo sapiens,Semenogelin-2,SEMG2,Q02383,Homo sapiens,SYQSSS,469,470,Q,S,http://cutdb.burnham.org/relation/show/3484,11027412,-;-,-,26-06-2012
Prostate-specific antigen,KLK3,P07288,3.4.21.77,Homo sapiens,Semenogelin-2,SEMG2,Q02383,Homo sapiens,SYQSSS,469,470,Q,S,http://cutdb.burnham.org/relation/show/3483,11784334,-;-,-,26-06-2012
Prostate-specific antigen,KLK3,P07288,3.4.21.77,Homo sapiens,Semenogelin-2,SEMG2,Q02383,Homo sapiens,SYQSSS,409,410,Q,S,http://cutdb.burnham.org/relation/show/3482,11027412,-;-,-,26-06-2012
Prostate-specific antigen,KLK3,P07288,3.4.21.77,Homo sapiens,Semenogelin-1,SEMG1,P04279,Homo sapiens,GGLDIV,434,435,L,D,http://cutdb.burnham.org/relation/show/3479,9092810,-;-,-,26-06-2012
Prostate-specific antigen,KLK3,P07288,3.4.21.77,Homo sapiens,Semenogelin-1,SEMG1,P04279,Homo sapiens,NPLFT-,460,461,L,F,http://cutdb.burnham.org/relation/show/3480,9092810,-;-,-,26-06-2012
Prostate-specific antigen,KLK3,P07288,3.4.21.77,Homo sapiens,Semenogelin-2,SEMG2,Q02383,Homo sapiens,SYQSSS,409,410,Q,S,http://cutdb.burnham.org/relation/show/3481,11784334,-;-,-,26-06-2012
Prostate-specific antigen,KLK3,P07288,3.4.21.77,Homo sapiens,Semenogelin-1,SEMG1,P04279,Homo sapiens,ISYQSS,348,349,Y,Q,http://cutdb.burnham.org/relation/show/3475,9092810,-;-,-,26-06-2012
Prostate-specific antigen,KLK3,P07288,3.4.21.77,Homo sapiens,Semenogelin-1,SEMG1,P04279,Homo sapiens,RRLHYG,358,359,L,H,http://cutdb.burnham.org/relation/show/3476,9092810,-;-,-,26-06-2012
Prostate-specific antigen,KLK3,P07288,3.4.21.77,Homo sapiens,Semenogelin-1,SEMG1,P04279,Homo sapiens,EKLVAG,381,382,L,V,http://cutdb.burnham.org/relation/show/3477,9092810,-;-,-,26-06-2012
Prostate-specific antigen,KLK3,P07288,3.4.21.77,Homo sapiens,Semenogelin-1,SEMG1,P04279,Homo sapiens,QDLLSH,417,418,L,L,http://cutdb.burnham.org/relation/show/3478,9092810,-;-,-,26-06-2012
Prostate-specific antigen,KLK3,P07288,3.4.21.77,Homo sapiens,Semenogelin-1,SEMG1,P04279,Homo sapiens,KNLNQD,273,274,L,N,http://cutdb.burnham.org/relation/show/3472,9092810,-;-,-,26-06-2012
Prostate-specific antigen,KLK3,P07288,3.4.21.77,Homo sapiens,Semenogelin-1,SEMG1,P04279,Homo sapiens,ISYQSS,288,289,Y,Q,http://cutdb.burnham.org/relation/show/3473,9092810,-;-,-,26-06-2012
Prostate-specific antigen,KLK3,P07288,3.4.21.77,Homo sapiens,Semenogelin-1,SEMG1,P04279,Homo sapiens,RRLHYG,298,299,L,H,http://cutdb.burnham.org/relation/show/3474,9092810,-;-,-,26-06-2012
Prostate-specific antigen,KLK3,P07288,3.4.21.77,Homo sapiens,Semenogelin-1,SEMG1,P04279,Homo sapiens,GHYQNV,220,221,Y,Q,http://cutdb.burnham.org/relation/show/3468,9092810,-;-,-,26-06-2012
Prostate-specific antigen,KLK3,P07288,3.4.21.77,Homo sapiens,Semenogelin-1,SEMG1,P04279,Homo sapiens,DKLQHG,246,247,L,Q,http://cutdb.burnham.org/relation/show/3469,9092810,-;-,-,26-06-2012
Prostate-specific antigen,KLK3,P07288,3.4.21.77,Homo sapiens,Semenogelin-1,SEMG1,P04279,Homo sapiens,DIFSTQ,254,255,F,S,http://cutdb.burnham.org/relation/show/3470,9092810,-;-,-,26-06-2012
Prostate-specific antigen,KLK3,P07288,3.4.21.77,Homo sapiens,Semenogelin-1,SEMG1,P04279,Homo sapiens,ELLVYN,261,262,L,V,http://cutdb.burnham.org/relation/show/3471,9092810,-;-,-,26-06-2012
Prostate-specific antigen,KLK3,P07288,3.4.21.77,Homo sapiens,Semenogelin-1,SEMG1,P04279,Homo sapiens,SSYVLQ,194,195,Y,V,http://cutdb.burnham.org/relation/show/3465,9092810,-;-,-,26-06-2012
Prostate-specific antigen,KLK3,P07288,3.4.21.77,Homo sapiens,Semenogelin-1,SEMG1,P04279,Homo sapiens,YVLQTE,196,197,L,Q,http://cutdb.burnham.org/relation/show/3466,9092810,-;-,-,26-06-2012
Prostate-specific antigen,KLK3,P07288,3.4.21.77,Homo sapiens,Semenogelin-1,SEMG1,P04279,Homo sapiens,EELVAN,201,202,L,V,http://cutdb.burnham.org/relation/show/3467,9092810,-;-,-,26-06-2012
Prostate-specific antigen,KLK3,P07288,3.4.21.77,Homo sapiens,Semenogelin-1,SEMG1,P04279,Homo sapiens,SSQYSN,158,159,Q,Y,http://cutdb.burnham.org/relation/show/3464,9092810,-;-,-,26-06-2012
Prostate-specific antigen,KLK3,P07288,3.4.21.77,Homo sapiens,Semenogelin-1,SEMG1,P04279,Homo sapiens,QLLHNK,107,108,L,H,http://cutdb.burnham.org/relation/show/3463,9092810,-;-,-,26-06-2012
Prostate-specific antigen,KLK3,P07288,3.4.21.77,Homo sapiens,Semenogelin-1,SEMG1,P04279,Homo sapiens,IQYTYH,67,68,Y,T,http://cutdb.burnham.org/relation/show/3462,9092810,-;-,-,26-06-2012
Prostate-specific antigen,KLK3,P07288,3.4.21.77,Homo sapiens,Semenogelin-1,SEMG1,P04279,Homo sapiens,STNREQ,412,413,N,R,http://cutdb.burnham.org/relation/show/3461,11027412,-;-,-,26-06-2012
Prostate-specific antigen,KLK3,P07288,3.4.21.77,Homo sapiens,Semenogelin-1,SEMG1,P04279,Homo sapiens,SIYSQT,375,376,Y,S,http://cutdb.burnham.org/relation/show/3460,9092810,-;-,-,26-06-2012
Prostate-specific antigen,KLK3,P07288,3.4.21.77,Homo sapiens,Semenogelin-1,SEMG1,P04279,Homo sapiens,SIYSQT,375,376,Y,S,http://cutdb.burnham.org/relation/show/3459,11027412,-;-,-,26-06-2012
Prostate-specific antigen,KLK3,P07288,3.4.21.77,Homo sapiens,Semenogelin-1,SEMG1,P04279,Homo sapiens,QKDVSQ,368,369,D,V,http://cutdb.burnham.org/relation/show/3458,11027412,-;-,-,26-06-2012
Prostate-specific antigen,KLK3,P07288,3.4.21.77,Homo sapiens,Semenogelin-1,SEMG1,P04279,Homo sapiens,PSQEQE,335,336,Q,E,http://cutdb.burnham.org/relation/show/3457,11027412,-;-,-,26-06-2012
Prostate-specific antigen,KLK3,P07288,3.4.21.77,Homo sapiens,Semenogelin-1,SEMG1,P04279,Homo sapiens,LLHNKQ,108,109,H,N,http://cutdb.burnham.org/relation/show/3455,11027412,-;-,-,26-06-2012
Prostate-specific antigen,KLK3,P07288,3.4.21.77,Homo sapiens,Semenogelin-1,SEMG1,P04279,Homo sapiens,QKDVSQ,308,309,D,V,http://cutdb.burnham.org/relation/show/3456,11027412,-;-,-,26-06-2012
Prostate-specific antigen,KLK3,P07288,3.4.21.77,Homo sapiens,Semenogelin-1,SEMG1,P04279,Homo sapiens,LHYGEN,360,361,Y,G,http://cutdb.burnham.org/relation/show/3454,9092810,-;-,-,26-06-2012
Prostate-specific antigen,KLK3,P07288,3.4.21.77,Homo sapiens,Semenogelin-1,SEMG1,P04279,Homo sapiens,LHYGEN,360,361,Y,G,http://cutdb.burnham.org/relation/show/3453,11027412,-;-,-,26-06-2012
Prostate-specific antigen,KLK3,P07288,3.4.21.77,Homo sapiens,Semenogelin-1,SEMG1,P04279,Homo sapiens,SYQSSS,349,350,Q,S,http://cutdb.burnham.org/relation/show/3451,11027412,-;-,-,26-06-2012
Prostate-specific antigen,KLK3,P07288,3.4.21.77,Homo sapiens,Semenogelin-1,SEMG1,P04279,Homo sapiens,SYQSSS,349,350,Q,S,http://cutdb.burnham.org/relation/show/3452,9092810,-;-,-,26-06-2012
Prostate-specific antigen,KLK3,P07288,3.4.21.77,Homo sapiens,Semenogelin-1,SEMG1,P04279,Homo sapiens,SIYSQT,315,316,Y,S,http://cutdb.burnham.org/relation/show/3450,9092810,-;-,-,26-06-2012
